week,Potencial de Hidrógeno (in situ),Sólidos Suspendidos Totales,Conductividad Eléctrica,Temperatura de la muestra,Caudal,Oxígeno disuelto (en campo),Turbiedad,Cianuro Total,Plomo total,Cobre total,Arsénico total,Zinc total,Cadmio total,Mercurio total
2003-01-05,8.35,8.0,828.0,13.9,,7.64,8.8,,,,,,,
2003-01-12,8.27,5.0,951.0,15.3,,8.3,3.7,,,,,,,
2003-01-19,8.3,5.0,853.0,15.3,,8.45,10.6,,,,,,,
2003-01-26,8.3,7.0,836.0,15.2,0.25,8.22,6.6,,,,,,,
2003-02-02,8.28,5.0,633.0,12.4,0.201,10.49,2.57,,,,,,,
2003-02-09,8.3,13.0,865.0,14.65,0.3465,,7.0600000000000005,,,,,,,
2003-02-16,8.31,18.0,1005.0,14.8,0.835,8.875,14.1,,,,,,,
2003-02-23,8.17,44.0,838.0,16.1,1.099,7.5,19.2,,,,,,,
2003-03-02,8.15,19.0,746.0,20.0,,8.77,12.4,,,,,,,
2003-03-09,8.25,16.0,463.7,14.3,,8.51,10.3,,,,,,,
2003-03-16,7.98,10.0,549.0,16.6,0.337,,7.95,0.004,,,,,,
2003-03-23,8.34,11.0,482.1,13.0,0.353,7.93,9.55,,,,,,,
2003-03-30,8.34,7.0,568.0,13.5,,7.87,6.11,,,,,,,
2003-04-06,8.21,5.0,367.2,14.6,,7.89,7.52,,,,,,,
2003-04-13,8.24,8.0,481.2,15.0,,8.34,3.96,,,,,,,
2003-04-20,8.26,18.0,491.0,16.0,,10.52,13.2,,,,,,,
2003-04-27,8.49,9.0,492.0,14.9,,9.12,6.99,,,,,,,
2003-05-04,8.0,5.0,468.0,15.7,,8.59,4.41,,,,,,,
2003-05-11,8.25,5.0,483.3,12.2,,10.2,4.16,,,,,,,
2003-05-18,8.24,5.0,469.0,12.0,,9.95,3.52,,,,,,,
2003-05-25,8.2,5.0,440.0,11.2,0.204,9.11,2.51,,,,,,,
2003-06-01,7.91,5.0,428.0,11.0,,9.98,2.19,,,,,,,
2003-06-08,8.31,5.0,379.1,14.4,0.175,9.13,2.73,0.004,,0.032,,,,
2003-06-15,8.39,5.0,348.1,11.5,,9.19,2.38,,,,,,,
2003-06-22,7.73,5.0,351.1,9.2,,9.78,4.9,,,,,,,
2003-06-29,7.91,6.0,362.3,11.0,0.159,10.27,2.82,,,,,,,
2003-07-06,7.7,12.0,351.7,10.9,,9.5,6.09,,,,,,,
2003-07-13,7.68,6.0,375.0,9.5,,9.15,3.15,,,,,,,
2003-07-20,8.15,7.0,625.0,8.8,,10.12,2.33,,,,,,,
2003-07-27,7.95,8.0,687.0,13.5,,9.26,3.44,,,,,,,
2003-08-03,8.13,10.0,787.0,15.0,0.138,8.57,3.59,,,,,,,
2003-08-10,8.06,5.0,739.0,12.2,,9.02,3.22,,,,,,,
2003-08-17,7.94,5.0,851.0,15.8,,9.12,3.59,,,,,,,
2003-08-24,8.2,5.0,720.0,9.5,,9.31,6.85,,,,,,,
2003-08-31,8.4,10.0,815.0,17.1,,8.85,11.4,,,,,,,
2003-09-07,8.39,6.0,939.0,16.9,0.05,8.64,5.53,0.004,,,,,,
2003-09-14,8.7,5.0,833.0,12.3,,9.6,3.16,,,,,,,
2003-09-21,8.32,11.0,663.0,15.1,,9.46,5.2,,,,,,,
2003-09-28,8.34,12.0,904.0,13.4,0.0369,8.98,9.82,,,,,,,
2003-10-05,8.35,6.0,973.0,17.2,,7.76,8.69,,,,,,,
2003-10-12,8.25,5.0,950.0,18.6,,7.98,4.12,,,,,,,
2003-10-19,8.13,5.0,844.0,19.9,,10.15,2.39,,,,,,,
2003-10-26,8.2,5.0,1018.0,19.6,,,17.5,,,,,,,
2003-11-02,8.2,6.0,869.0,19.0,,9.07,,,,,,,,
2003-11-09,8.15,33.0,794.0,19.8,,9.16,14.6,,,,,,,
2003-11-16,8.18,7.0,1333.0,18.5,,9.45,5.57,,,,,,,
2003-11-23,8.08,7.0,1462.0,13.2,,8.45,7.36,,,,,,,
2003-11-30,8.11,5.0,1660.0,21.1,0.051,9.91,6.86,,,,,,,
2003-12-07,8.12,9.0,1224.0,16.9,,,,0.004,,,,,,
2003-12-14,8.21,7.0,1430.0,17.3,,11.68,3.85,,,,,,,
2003-12-21,8.08,10.0,1247.0,13.7,,8.88,8.47,,,,,,,
2003-12-28,8.05,15.0,1952.0,19.0,,8.7,4.79,,,,,,,
2004-01-04,,,,,,,,,,,,,,
2004-01-11,,,,,,,,,,,,,,
2004-01-18,,,,,,,,,,,,,,
2004-01-25,,,,,,,,,,,,,,
2004-02-01,,,,,,,,,,,,,,
2004-02-08,,,,,,,,,,,,,,
2004-02-15,8.27,15.0,893.0,15.2,557.0,5.63,11.81,,0.08,0.11,0.0013,0.01,0.01,0.0005
2004-02-22,8.33,5.0,931.0,13.3,497.0,5.38,5.08,,,,,,,
2004-02-29,8.2,5.0,948.0,16.1,160.0,5.27,2.8,0.005,,,,,,
2004-03-07,7.65,5.0,1009.0,15.1,140.0,4.8,1.68,,,,,,,
2004-03-14,8.195,5.0,999.5,14.6,122.0,5.16,1.295,0.005,0.08,0.03,0.0015,0.01,0.01,0.0005
2004-03-21,,,,,,,,,,,,,,
2004-03-28,8.2,6.0,951.0,13.9,116.0,5.62,2.44,0.005,,,,,,
2004-04-04,8.27,5.0,914.0,17.6,71.0,4.95,4.79,,,,,,,
2004-04-11,8.1,6.0,975.0,14.2,81.0,4.24,0.29,0.005,0.08,0.07,0.0012,0.01,0.01,0.0005
2004-04-18,8.25,5.0,964.0,14.2,65.0,4.7,1.51,0.005,,,,,,
2004-04-25,8.14,5.0,937.0,14.3,98.0,5.6,1.68,,,,,,,
2004-05-02,8.19,5.0,937.0,14.8,78.0,6.18,1.83,0.005,,,,,,
2004-05-09,8.07,5.0,946.0,11.3,50.0,4.61,1.6,,0.08,0.04,0.0011,0.06,0.01,0.0005
2004-05-16,8.09,5.0,1008.5,13.3,40.5,6.25,0.845,0.005,,,,,,
2004-05-23,,,,,,,,,,,,,,
2004-05-30,8.18,5.0,911.0,14.8,23.0,6.35,1.27,0.005,,,,,,
2004-06-06,7.49,5.0,997.0,9.4,16.0,6.14,1.11,,0.02,0.05,0.0011,0.05,0.005,0.0005
2004-06-13,8.31,5.0,1179.0,10.1,13.0,5.51,0.0,0.005,,,,,,
2004-06-20,8.185,5.0,1395.5,11.1,9.5,4.995,0.43,0.005,,,,,,
2004-06-27,,,,,,,,,,,,,,
2004-07-04,7.85,8.0,1912.0,12.5,15.0,6.12,2.66,,,,,,,
2004-07-11,7.9,5.0,1838.0,12.8,8.0,5.1,0.98,,0.02,0.02,0.0009,0.03,0.005,0.0005
2004-07-18,8.03,5.0,1691.0,13.1,3.5,5.46,0.0,0.005,,,,,,
2004-07-25,7.98,5.0,1695.0,10.2,1.7,5.9,0.0,,,,,,,
2004-08-01,8.38,5.0,1669.0,15.9,1.7,5.63,0.81,0.005,,,,,,
2004-08-08,8.36,5.0,1203.0,16.2,1.7,5.16,0.0,,0.02,0.02,0.003,0.01,0.005,0.0005
2004-08-15,8.06,5.0,990.0,12.8,1.7,5.47,0.49,0.005,,,,,,
2004-08-22,8.19,5.0,598.0,13.1,1.81,5.12,0.13,,,,,,,
2004-08-29,7.79,5.0,843.0,6.9,5.44,8.93,0.0,0.005,,,,,,
2004-09-05,7.29,5.0,664.0,20.4,3.6,6.64,0.51,,0.02,0.03,0.0032,0.01,0.005,0.0005
2004-09-12,7.87,5.0,729.0,17.5,10.4,5.1,0.36,0.005,,,,,,
2004-09-19,8.025,7.5,606.0,15.25,10.46,5.75,0.615,0.005,,,,,,
2004-09-26,,,,,,,,,,,,,,
2004-10-03,7.9,7.0,650.0,23.8,5.62,5.66,0.35,,,,,,,
2004-10-10,8.06,5.0,661.0,23.5,5.62,5.81,0.0,,0.02,0.02,0.0028,0.01,0.005,0.0005
2004-10-17,7.76,5.0,592.0,14.5,7.5,5.6,0.0,0.005,,,,,,
2004-10-24,8.19,5.0,587.0,21.4,4.3,6.43,0.15,,,,,,,
2004-10-31,8.31,5.0,555.0,20.1,5.05,6.68,0.1,0.005,,,,,,
2004-11-07,8.26,5.0,594.0,16.3,5.2,6.2,0.0,,0.02,0.02,0.0036,0.01,0.005,0.0005
2004-11-14,8.08,5.0,579.0,25.4,3.4,5.96,0.24,0.005,,,,,,
2004-11-21,7.45,5.0,598.0,21.4,2.8,4.88,0.0,,,,,,,
2004-11-28,7.76,5.0,594.0,14.7,2.16,6.4,0.15,0.005,,,,,,
2004-12-05,7.74,5.0,584.0,18.9,2.0,6.28,0.1,,0.02,0.02,0.0036,0.01,0.005,0.0005
2004-12-12,7.61,9.0,568.0,20.4,4.3,5.82,0.0,0.005,,,,,,
2004-12-19,7.699999999999999,10.0,553.0,16.8,3.5,5.494999999999999,0.25,0.005,,,,,,
2004-12-26,,,,,,,,,,,,,,
2005-01-02,8.05,5.0,637.0,23.7,3.8,6.03,0.0,,,,,,,
2005-01-09,7.82,5.0,647.0,18.4,4.0,6.1,0.2,0.005,0.02,0.04,0.0029,0.01,0.005,0.0007
2005-01-16,7.65,6.0,1878.0,19.5,23.0,5.11,0.0,,,,,,,
2005-01-23,8.09,5.0,1200.0,16.7,116.76,5.76,0.0,0.005,,,,,,
2005-01-30,8.09,5.0,1106.0,15.9,101.76,6.62,1.91,,,,,,,
2005-02-06,8.365,5.0,1134.0,15.2,112.425,6.295,1.6,0.005,0.02,0.05,0.0015,0.01,0.005,0.0008
2005-02-13,,,,,,,,,,,,,,
2005-02-20,7.54,5.0,1151.0,15.9,,5.8,3.02,0.017,,,,,,
2005-02-27,8.23,5.0,1151.0,12.8,163.0,5.78,4.09,,,,,,,
2005-03-06,8.24,6.0,1182.0,19.2,308.0,6.69,1.41,0.005,0.02,0.08,0.0013,0.01,0.005,0.0007
2005-03-13,7.18,5.0,1109.0,16.8,300.0,6.04,1.67,,,,,,,
2005-03-20,8.17,5.0,1147.0,15.8,336.0,5.38,1.27,0.005,,,,,,
2005-03-27,7.78,5.0,1076.0,17.7,171.13,4.88,1.6,,,,,,,
2005-04-03,7.94,5.0,,19.5,98.1,,,,,,,,,
2005-04-10,8.11,5.0,1069.0,17.8,185.1,,1.54,0.005,,,,,,
2005-04-17,8.1,3.0,1106.0,18.4,69.7,6.49,3.0,,0.05,0.043,0.0012,0.005,0.005,5e-05
2005-04-24,8.21,5.0,1094.0,14.2,41.8,6.81,2.54,0.005,,,,,,
2005-05-01,8.1,5.0,1010.0,17.9,41.5,6.23,2.16,,,,,,,
2005-05-08,8.18,5.0,994.0,16.2,184.6,5.74,1.9,0.005,0.02,0.02,0.0009,0.01,0.005,0.0005
2005-05-15,8.65,5.0,1028.0,13.6,61.8,6.31,1.38,,,,,,,
2005-05-22,8.83,5.0,1033.0,16.3,56.2,6.13,1.73,0.005,,,,,,
2005-05-29,,,,,,,,,,,,,,
2005-06-05,,,,,,,,,,,,,,
2005-06-12,,,,,,,,,,,,,,
2005-06-19,7.74,5.0,1126.0,14.1,26.5,6.93,1.35,0.005,0.02,0.48,0.0007,0.13,0.005,0.0005
2005-06-26,8.19,5.0,1097.0,12.3,49.0,5.48,0.85,,,,,,,
2005-07-03,8.46,11.0,1042.0,14.3,16.5,5.08,0.49,0.005,,,,,,
2005-07-10,8.4,5.0,1007.0,14.8,12.17,5.4,0.4,0.005,0.02,0.06,0.0021,0.02,0.005,0.0005
2005-07-17,8.55,5.0,1258.0,15.1,27.0,5.3,0.67,,,,,,,
2005-07-24,8.36,5.0,1533.0,9.7,12.19,6.2,1.09,0.005,,,,,,
2005-07-31,8.25,5.0,1755.0,10.4,19.5,5.52,0.93,,,,,,,
2005-08-07,8.08,5.0,2260.0,13.1,15.0,6.09,1.44,0.005,0.02,0.04,0.001,0.02,0.005,0.0006
2005-08-14,7.89,5.0,2310.0,14.0,12.73,5.48,0.72,,,,,,,
2005-08-21,7.84,5.0,1890.0,9.6,1.28,4.1,1.28,0.005,,,,,,
2005-08-28,7.4,5.0,2450.0,15.2,18.2,6.2,1.0,,,,,,,
2005-09-04,8.32,5.0,3060.0,18.3,10.0,5.23,2.09,,,,,,,
2005-09-11,8.09,5.0,960.0,15.0,3.2,5.45,0.55,0.005,0.02,0.03,0.0005,0.01,0.005,0.0005
2005-09-18,8.03,5.0,2059.5,13.15,4.5,4.385,0.705,0.005,,,,,,
2005-09-25,,,,,,,,,,,,,,
2005-10-02,8.29,5.0,1406.0,17.8,10.25,4.25,0.64,,,,,,,
2005-10-09,8.31,5.0,1225.0,15.5,13.45,5.2,1.3,0.005,0.02,0.02,0.0016,0.01,0.005,0.0005
2005-10-16,8.29,5.0,1070.0,17.2,18.72,,0.9,,,,,,,
2005-10-23,8.34,5.0,1115.0,13.1,20.0,,,0.005,,,,,,
2005-10-30,8.49,5.0,1034.0,19.6,8.0,,0.63,,,,,,,
2005-11-06,7.75,5.0,1058.0,18.4,16.0,4.8,0.59,0.005,0.02,0.02,0.0017,0.01,0.005,0.0031
2005-11-13,8.0,5.0,970.0,18.0,15.84,6.9,0.61,,,,,,,
2005-11-20,8.1,5.0,900.0,19.3,12.4,6.0,0.4,0.005,,,,,,
2005-11-27,7.795,5.0,1074.0,18.7,14.0,5.5,0.64,0.005,0.03,0.022,0.0018,0.005,0.005,5e-05
2005-12-04,,,,,,,,,,,,,,
2005-12-11,7.71,5.0,1018.0,19.3,18.5,5.2,0.4,,,,,,,
2005-12-18,8.02,5.0,1109.0,18.7,14.5,6.1,1.31,0.005,,,,,,
2005-12-25,7.94,5.0,1219.0,19.4,38.0,5.2,0.81,,,,,,,
2006-01-01,7.8,5.0,1319.0,15.0,36.5,5.4,2.75,,,,,,,
2006-01-08,8.12,5.0,1294.0,18.2,25.0,6.0,2.42,,0.01,0.061,0.02,0.021,0.005,0.0005
2006-01-15,7.98,5.0,1373.0,15.4,19.4,5.3,1.39,,,,,,,
2006-01-22,6.74,39.0,1495.0,16.0,175.0,5.7,17.9,0.005,,,,,,
2006-01-29,8.2,8.0,1343.0,17.3,250.0,5.9,8.19,,,,,,,
2006-02-05,7.745,8.0,1141.5,16.8,430.0,5.95,4.315,,0.01,0.149,0.02,0.096,0.005,0.0005
2006-02-12,,,,,,,,,,,,,,
2006-02-19,8.45,78.0,1265.0,18.4,601.2,6.2,19.8,0.005,,,,,,
2006-02-26,8.61,5.0,1205.0,16.7,382.0,6.0,2.18,,,,,,,
2006-03-05,8.32,3.0,1181.0,18.6,540.0,6.5,3.54,,0.00192,0.0499,0.00122,0.0149,0.00025,5e-05
2006-03-12,8.31,3.0,1117.0,20.5,474.0,6.8,3.91,,,,,,,
2006-03-19,8.23,13.5,1549.0,18.200000000000003,565.5,6.050000000000001,5.699999999999999,0.005,,,,,,
2006-03-26,8.25,6.0,1127.0,15.0,610.0,6.3,7.2,,,,,,,
2006-04-02,,,,,,,,,,,,,,
2006-04-09,8.275,4.0,1144.0,15.95,463.0,6.199999999999999,3.685,,0.0178,0.0518,0.00154,0.0139,0.0016,5e-05
2006-04-16,,,,,,,,,,,,,,
2006-04-23,8.29,14.0,1121.0,12.9,440.0,6.4,9.36,,,,,,,
2006-04-30,8.35,4.0,1108.0,19.2,445.0,6.3,4.83,,,,,,,
2006-05-07,8.12,3.0,1992.0,15.4,441.0,6.2,3.1,,0.0606,0.0445,0.00154,0.0099,0.0038,5e-05
2006-05-14,8.29,3.0,1101.0,13.8,438.0,6.3,2.79,,,,,,,
2006-05-21,8.23,6.0,1021.0,12.4,290.0,6.2,3.3,0.005,,,,,,
2006-05-28,8.24,3.0,1058.0,11.5,35.0,7.0,1.1,,,,,,,
2006-06-04,8.41,3.0,1151.0,15.4,176.0,6.7,2.57,,0.00914,0.0415,0.0018,0.0128,0.0004,5e-05
2006-06-11,8.325,5.0,1121.0,15.3,224.5,6.35,1.635,0.005,,,,,,
2006-06-18,8.2,5.0,1163.0,9.4,23.5,7.2,0.65,,,,,,,
2006-06-25,,,,,,,,,,,,,,
2006-07-02,8.2,11.0,1114.0,15.5,114.125,6.3,4.805,,0.00394,0.0277,0.00165,0.0086,0.00033,5e-05
2006-07-09,,,,,,,,,,,,,,
2006-07-16,8.0,3.0,1004.0,17.3,28.0,6.6,1.1,,,,,,,
2006-07-23,8.27,3.0,1003.5,12.8,15.4,7.050000000000001,0.6699999999999999,,,,,,,
2006-07-30,,,,,,,,,,,,,,
2006-08-06,8.27,3.0,1034.0,17.4,53.0,6.7,0.46,,0.0128,0.018,0.0021,0.0133,0.00025,
2006-08-13,8.280000000000001,3.0,1019.0,13.85,21.25,7.85,1.325,,,,,,,
2006-08-20,8.35,5.0,862.0,17.4,30.0,9.0,4.7,,,,,,,
2006-08-27,,,,,,,,,,,,,,
2006-09-03,8.25,3.0,924.0,12.4,20.4,7.3,2.25,,0.00197,0.0182,0.00276,0.0059,0.00025,
2006-09-10,8.24,3.0,854.0,15.0,8.5,7.4,0.89,,,,,,,
2006-09-17,8.27,4.5,878.5,18.45,19.2,6.75,4.22,0.005,,,,,,
2006-09-24,,,,,,,,,,,,,,
2006-10-01,8.4,3.0,806.0,21.5,16.4,7.0,,,,,,,,
2006-10-08,8.21,5.0,940.0,14.8,25.8,6.5,,,0.00747,0.252,0.00271,0.0061,0.00061,5e-05
2006-10-15,8.88,3.0,867.0,13.9,28.0,7.7,,,,,,,,
2006-10-22,8.120000000000001,6.0,907.5,16.35,39.8,6.75,,0.005,,,,,,
2006-10-29,,,,,,,,,,,,,,
2006-11-05,8.01,14.5,972.0,14.55,121.5,6.15,4.09,,0.00445,0.0239,0.00185,0.0104,0.0003,5e-05
2006-11-12,,,,,,,,,,,,,,
2006-11-19,8.13,3.0,1041.0,20.9,109.0,6.4,1.77,0.005,,,,,,
2006-11-26,7.96,16.0,1128.0,13.2,108.5,4.9,10.4,,,,,,,
2006-12-03,8.13,28.0,1045.0,20.0,68.2,5.93,8.42,,0.0013,0.12,0.003,0.038,0.00051,5e-05
2006-12-10,8.145,21.0,1023.5,18.7,133.0,6.55,5.07,0.005,,,,,,
2006-12-17,8.02,3.0,1031.0,17.8,217.0,5.2,1.29,,,,,,,
2006-12-24,,,,,,,,,,,,,,
2006-12-31,,,,,,,,,,,,,,
2007-01-07,7.92,3.0,1082.0,16.4,178.0,4.0,1.97,,0.0017,0.037,0.0018,0.004,0.00059,5e-05
2007-01-14,7.76,12.0,1115.0,17.0,318.0,4.3,2.05,,,,,,,
2007-01-21,8.09,4.0,766.0,18.7,287.0,2.8,4.16,0.005,,,,,,
2007-01-28,8.16,3.0,1217.0,14.5,152.9,2.0,1.27,,,,,,,
2007-02-04,8.07,3.0,1213.0,16.3,174.5,5.23,1.06,,0.0018,0.02,0.0028,0.0083,0.00087,5e-05
2007-02-11,7.98,3.0,967.0,17.6,12.0,6.45,0.96,,,,,,,
2007-02-18,7.87,3.0,1069.0,15.55,100.35,6.17,2.235,0.005,,,,,,
2007-02-25,,,,,,,,,,,,,,
2007-03-04,7.96,51.0,1308.0,15.3,352.0,7.2,49.3,,0.012,0.76,0.004,0.038,0.0013,5e-05
2007-03-11,8.15,8.0,1329.0,13.3,304.0,6.2,8.46,,,,,,,
2007-03-18,8.065,4.0,1323.5,15.75,214.5,5.215,1.715,0.005,,,,,,
2007-03-25,7.93,3.0,1253.0,16.0,179.0,6.5,1.44,,,,,,,
2007-04-01,8.0,3.0,1112.0,19.5,70.9,5.9,1.25,,0.0048,0.025,0.0029,0.072,0.0022,5e-05
2007-04-08,7.93,3.0,1278.0,18.5,61.7,6.6,0.66,,,,,,,
2007-04-15,,,,,,,,,,,,,,
2007-04-22,7.705,3.0,975.5,16.8,36.0,6.7,0.55,0.005,,,,,,
2007-04-29,,,,,,,,,,,,,,
2007-05-06,7.91,3.0,596.0,13.7,31.0,6.2,0.71,,0.0039,0.0155,0.00306,0.00619,0.000531,5e-05
2007-05-13,7.8,3.0,680.0,18.3,10.0,6.4,0.6,,,,,,,
2007-05-20,8.05,3.0,857.0,16.9,94.86,5.1,0.87,0.005,,,,,,
2007-05-27,8.04,3.0,828.0,16.1,50.7,6.3,0.28,,,,,,,
2007-06-03,8.1,5.0,783.0,16.2,147.0,5.2,0.45,,0.01,0.009,0.02,0.008,0.005,0.0005
2007-06-10,7.8,3.0,685.0,14.1,35.4,6.3,0.46,,,,,,,
2007-06-17,7.75,3.0,774.0,11.3,163.6,7.2,0.57,0.005,,,,,,
2007-06-24,7.79,3.0,728.0,14.7,43.4,6.5,0.28,,,,,,,
2007-07-01,8.02,3.0,756.5,17.0,123.8,6.35,0.45,,0.00104,0.00946,0.00196,0.0041,0.00017,5e-05
2007-07-08,,,,,,,,,,,,,,
2007-07-15,8.26,3.0,810.0,14.1,30.0,5.9,0.55,,,,,,,
2007-07-22,8.274999999999999,3.0,628.0,14.1,39.0,5.550000000000001,0.48,0.005,,,,,,
2007-07-29,,,,,,,,,,,,,,
2007-08-05,8.03,3.0,695.0,15.6,28.0,5.9,0.6,,0.00169,0.0148,0.00301,0.002,0.0001,5e-05
2007-08-12,8.0,18.0,685.0,12.6,60.0,65.0,0.58,,,,,,,
2007-08-19,8.23,16.0,625.0,19.0,58.0,6.0,0.3,0.005,,,,,,
2007-08-26,8.23,3.0,704.0,21.0,33.0,6.5,0.6,,,,,,,
2007-09-02,8.2,3.0,751.0,15.6,80.0,5.8,0.5,,0.00153,0.00659,0.00253,0.0059,0.00024,
2007-09-09,8.235,3.0,899.0,15.35,38.5,5.6,0.495,0.005,,,,,,
2007-09-16,,,,,,,,,,,,,,
2007-09-23,8.45,3.0,929.0,19.3,6.0,4.8,0.51,,,,,,,
2007-09-30,8.21,3.0,672.0,18.6,43.0,5.6,0.48,,,,,,,
2007-10-07,8.41,6.0,1141.0,19.0,5.0,5.2,0.94,,0.00333,0.0135,0.00234,0.0023,0.0002,5e-05
2007-10-14,8.21,3.0,756.0,18.6,7.2,6.3,0.58,,,,,,,
2007-10-21,7.97,3.0,676.0,16.9,2.0,6.3,0.49,0.005,,,,,,
2007-10-28,8.4,3.0,1184.0,20.4,72.0,4.66,0.62,,,,,,,
2007-11-04,8.2,3.0,1285.0,15.6,129.4,6.87,1.5,,0.00274,0.0202,0.00221,0.0021,0.0001,5e-05
2007-11-11,8.31,3.0,999.0,19.5,25.0,7.78,0.61,,,,,,,
2007-11-18,8.14,3.0,1114.0,15.4,6.0,7.7,0.38,0.005,,,,,,
2007-11-25,8.57,3.0,737.0,15.9,10.1,6.95,0.57,,,,,,,
2007-12-02,8.34,4.0,995.0,18.9,18.0,6.24,1.02,,,,,,,
2007-12-09,8.395,3.0,957.0,19.25,42.8,7.82,0.525,,0.003058,0.03739,0.00182,0.005,0.00025,
2007-12-16,,,,,,,,,,,,,,
2007-12-23,8.45,3.0,758.0,15.7,8.0,8.08,2.42,0.005,,,,,,
2007-12-30,8.3,4.0,856.0,20.2,6.1,7.75,1.97,,,,,,,
2008-01-06,8.21,3.0,1120.0,15.1,57.8,7.28,4.33,,,,,,,
2008-01-13,8.34,401.5,1207.0,18.8,163.0,5.45,1.05,,0.007688,0.03626,0.00262,0.0252,0.00029,5e-05
2008-01-20,8.34,3.0,1218.0,18.0,227.0,6.7,2.26,,,,,,,
2008-01-27,8.15,3.0,1087.0,17.6,186.6,5.92,1.03,0.005,,,,,,
2008-02-03,8.28,3.0,1179.0,17.7,233.0,6.51,1.08,0.005,0.010137,0.01819,0.00257,0.01,0.0005,
2008-02-10,,,,,,,,,,,,,,
2008-02-17,8.3,3.0,1370.0,19.5,148.0,7.06,1.02,,,,,,,
2008-02-24,8.08,3.0,1263.0,16.0,138.0,3.4,1.07,0.084,,,,,,
2008-03-02,8.27,3.0,953.0,17.9,320.0,5.56,2.7,0.016,0.000529,0.06839,0.00211,0.0077,5e-05,5e-05
2008-03-09,,,,,,,,,,,,,,
2008-03-16,8.29,3.0,1060.0,15.4,236.0,6.1,1.73,,,,,,,
2008-03-23,8.185,3.0,1108.0,16.45,159.0,5.6,0.86,0.005,,,,,,
2008-03-30,,,,,,,,,,,,,,
2008-04-06,8.18,3.0,1133.0,18.3,90.0,5.79,0.42,0.005,0.001534,0.01435,0.00158,0.005,0.0004,5e-05
2008-04-13,,,,,,,,,,,,,,
2008-04-20,7.48,3.0,1029.0,14.2,18.0,5.3,0.9,0.005,,,,,,
2008-04-27,7.45,3.0,845.0,15.6,20.0,5.2,0.6,,,,,,,
2008-05-04,7.37,3.0,771.0,19.0,10.0,6.2,1.16,,,,,,,
2008-05-11,7.14,301.5,788.0,13.5,3.0,7.1,1.2,0.005,0.004673,0.01243,0.00238,0.0093,0.00025,5e-05
2008-05-18,7.66,3.0,1147.0,12.4,146.0,7.2,0.48,,,,,,,
2008-05-25,7.56,3.0,940.0,16.6,10.0,5.5,1.3,0.005,,,,,,
2008-06-01,8.29,3.0,1189.0,14.2,73.8,5.6,1.6,0.005,0.00025,0.01238,0.00196,0.005,0.00025,5e-05
2008-06-08,,,,,,,,,,,,,,
2008-06-15,8.49,3.0,1115.0,14.3,41.5,5.65,0.34,0.005,,,,,,
2008-06-22,,,,,,,,,,,,,,
2008-06-29,8.53,3.0,1200.0,14.0,21.0,5.6,0.56,,,,,,,
2008-07-06,8.59,429.0,1160.0,11.7,155.0,7.3,0.48,0.005,0.00025,0.01144,0.00117,0.005,0.00025,5e-05
2008-07-13,8.33,3.0,1336.0,16.7,223.0,7.82,0.64,,,,,,,
2008-07-20,8.35,3.0,1117.0,14.8,102.0,8.48,0.34,0.005,,,,,,
2008-07-27,8.4,7.0,930.0,17.3,8.0,8.4,0.37,,,,,,,
2008-08-03,8.3,307.0,789.0,13.6,4.0,6.79,1.78,0.005,0.000584,0.02513,0.00251,0.0033,0.0001,5e-05
2008-08-10,8.629999999999999,3.0,1169.0,19.85,52.6,8.049999999999999,0.74,0.005,,,,,,
2008-08-17,,,,,,,,,,,,,,
2008-08-24,8.83,3.0,969.0,19.3,10.75,9.255,0.475,,,,,,,
2008-08-31,,,,,,,,,,,,,,
2008-09-07,7.89,3.0,658.0,9.0,3.0,7.07,1.69,0.005,0.000201,0.01277,0.00269,0.0034,0.0001,5e-05
2008-09-14,,,,,,,,,,,,,,
2008-09-21,8.524999999999999,3.5,811.0,14.2,4.1,7.970000000000001,0.75,0.005,,,,,,
2008-09-28,,,,,,,,,,,,,,
2008-10-05,8.71,235.0,633.0,15.6,1.5,8.36,0.56,0.005,0.000259,0.01913,0.0033,0.0044,0.0001,5e-05
2008-10-12,8.66,3.0,631.0,15.6,1.5,7.64,0.44,,,,,,,
2008-10-19,8.67,7.0,632.0,18.9,1.0,6.64,0.64,0.005,,,,,,
2008-10-26,8.04,16.0,622.0,11.0,2.0,5.49,0.74,,,,,,,
2008-11-02,9.0,356.5,1006.0,15.2,42.6,7.01,0.72,0.017,0.00025,0.01974,0.0023,0.005,0.00025,5e-05
2008-11-09,,,,,,,,,,,,,,
2008-11-16,8.31,3.0,960.0,20.9,7.0,6.33,1.67,,,,,,,
2008-11-23,8.495000000000001,3.0,857.0,17.75,19.75,7.145,0.3299999999999999,0.005,,,,,,
2008-11-30,8.04,331.5,873.0,17.2,28.0,6.86,0.51,0.005,0.00025,0.01585,0.00293,0.005,0.00025,5e-05
2008-12-07,,,,,,,,,,,,,,
2008-12-14,8.225,,884.5,15.6,21.0,7.685,0.73,,,,,,,
2008-12-21,,,,,,,,,,,,,,
2008-12-28,8.08,3.0,1195.0,13.2,180.0,6.78,1.34,,,,,,,
2009-01-04,8.0,399.5,1064.0,12.6,310.0,6.66,2.15,0.011,0.00067,0.04223,0.00233,0.005,0.00025,5e-05
2009-01-11,8.04,3.0,1036.0,15.7,260.0,6.45,0.88,,,,,,,
2009-01-18,7.95,3.0,1020.0,16.0,102.0,6.9,0.53,0.005,,,,,,
2009-01-25,8.02,3.0,996.0,16.0,226.0,6.28,0.86,,,,,,,
2009-02-01,8.11,3.0,987.0,14.8,112.0,7.3,0.48,,,,,,,
2009-02-08,8.14,369.5,953.0,20.6,300.0,6.71,0.4,0.005,0.000444,0.01424,0.00258,0.005,0.00025,5e-05
2009-02-15,7.935,3.0,975.0,17.05,225.0,5.915,0.975,0.005,,,,,,
2009-02-22,,,,,,,,,,,,,,
2009-03-01,7.61,3.0,1090.0,16.1,300.0,5.47,2.03,,,,,,,
2009-03-08,8.09,408.5,1173.0,14.7,370.0,6.08,3.27,0.005,0.000463,0.02262,0.00182,0.0077,0.00025,5e-05
2009-03-15,7.77,3.0,1136.0,17.8,210.0,5.87,0.74,,,,,,,
2009-03-22,7.82,3.0,1124.5,17.200000000000003,370.0,6.24,2.855,0.005,,,,,,
2009-03-29,,,,,,,,,,,,,,
2009-04-05,7.78,485.0,1169.0,17.7,160.0,6.1,1.27,0.005,0.000642,0.02508,0.00235,0.0072,0.000361,5e-05
2009-04-12,7.87,3.0,1107.0,16.1,180.0,6.07,2.14,,,,,,,
2009-04-19,8.19,3.0,1120.0,15.5,140.0,6.26,2.07,0.005,,,,,,
2009-04-26,8.25,3.0,1094.0,15.2,165.0,6.62,1.47,,,,,,,
2009-05-03,8.2,3.0,1079.0,14.8,175.0,5.98,1.44,,,,,,,
2009-05-10,8.24,3.0,1074.0,14.7,158.0,6.63,1.78,0.005,0.00025,0.00798,0.00242,0.005,0.00025,5e-05
2009-05-17,7.915,3.0,1024.5,14.7,132.0,6.904999999999999,1.175,0.005,,,,,,
2009-05-24,8.75,3.0,990.0,15.8,4300.0,8.47,0.82,,,,,,,
2009-05-31,7.31,3.0,946.0,11.6,38.0,6.28,0.36,0.005,0.00025,0.00711,0.00236,0.005,0.00025,5e-05
2009-06-07,8.28,3.0,1032.0,11.5,96.0,6.14,0.8,,,,,,,
2009-06-14,8.26,6.0,876.0,12.2,30.0,6.0,1.23,0.005,,,,,,
2009-06-21,,,,,,,,,,,,,,
2009-06-28,8.37,3.0,1088.0,12.6,60.0,6.36,2.23,,,,,,,
2009-07-05,8.24,3.0,1029.0,10.4,110.0,7.33,1.47,0.005,0.001181,0.00878,0.00187,0.005,0.00025,5e-05
2009-07-12,8.29,3.0,951.0,9.4,20.0,7.69,,,,,,,,
2009-07-19,8.29,5.0,801.0,10.8,2.0,7.59,1.8,0.005,,,,,,
2009-07-26,8.37,3.0,1088.0,12.6,60.0,6.36,2.23,,,,,,,
2009-08-02,,,,,,,,,,,,,,
2009-08-09,8.22,7.0,1100.0,15.3,1100.0,6.29,1.2,0.008,0.0001,0.0254,0.0001,0.004778,0.0001,0.0001
2009-08-16,8.35,2.0,1034.0,14.8,60.0,7.07,1.5,,,,,,,
2009-08-23,8.37,2.0,1003.0,12.3,25.0,7.96,1.45,0.001,,,,,,
2009-08-30,8.23,2.0,1025.0,12.0,15.0,7.34,0.93,,,,,,,
2009-09-06,8.125,401.5,999.0,12.45,75.0,6.029999999999999,1.96,0.001,0.0052318,0.0098479999999999,0.0019431,0.014617,0.00305,0.00015
2009-09-13,8.24,6.0,839.0,13.0,5.0,7.29,1.28,,,,,,,
2009-09-20,8.25,4.0,806.0,14.9,1.5,4.87,1.24,,,,,,,
2009-09-27,8.42,305.0,867.5,16.4,47.1075,7.135,1.95,0.004,0.01,0.022,0.002,0.029,0.006,0.0002
2009-10-04,8.07,6.0,851.0,16.6,3.0,7.04,0.72,0.001,0.0001,0.017218,0.00255,0.0001,0.0001,0.0004984
2009-10-11,8.41,14.0,1376.0,19.8,60.0,6.7,4.15,,,,,,,
2009-10-18,8.3,5.0,1031.0,22.3,50.0,7.68,2.45,0.001,,,,,,
2009-10-25,8.21,1009.0,2730.0,18.05,12.721875,5.195,2.095,,0.01,0.02,0.002,0.007,0.006,0.0002
2009-11-01,8.43,2.0,1232.0,18.3,2.0,6.74,0.98,,,,,,,
2009-11-08,8.245000000000001,8.0,3282.5,19.14,20.0,6.775,3.995,0.001,,,,,,
2009-11-15,,,,,,,,,,,,,,
2009-11-22,,,,,,,,,,,,,,
2009-11-29,8.33,4.0,1035.0,16.0,75.0,6.91,2.31,0.037,0.0001,0.06258,0.0020655,0.002666,0.0001,0.0001
2009-12-06,8.04,7.0,1059.0,16.0,70.0,6.13,5.95,0.001,0.0001,0.02042,0.0013881,0.003899,0.0001,0.0001
2009-12-13,8.24,5.0,1083.0,14.8,100.0,6.6,1.56,,,,,,,
2009-12-20,8.07,5.0,1103.0,22.0,12.0,6.76,1.9,0.009,0.01,0.036,0.002,0.04,0.006,0.0002
2009-12-27,,,,,,,,,,,,,,
2010-01-03,8.17,2.0,1194.0,22.1,175.0,5.9,3.83,,,,,,,
2010-01-10,8.1,3.0,1112.0,16.0,156.0,6.38,1.28,0.004,0.0001,0.0249,0.002189,0.004048,0.00099,0.0001
2010-01-17,7.905,4.0,1055.5,16.25,157.5,6.135,3.125,0.015,,,,,,
2010-01-24,,,,,,,,,,,,,,
2010-01-31,8.07,450.0,1079.0,16.8,326.94,5.58,6.885,,0.01,0.031,0.002,0.023,0.006,0.0002
2010-02-07,7.955,3.5,1113.0,17.85,275.0,7.425,2.1950000000000003,0.001,0.0001,0.015256,0.0008106,0.0036566,0.0007648,0.0001
2010-02-14,8.0,17.0,1114.0,15.9,255.0,7.31,4.9,0.001,,,,,,
2010-02-21,,,,,,,,,,,,,,
2010-02-28,7.77,4.0,1066.0,16.1,221.0,6.03,6.43,,,,,,,
2010-03-07,7.855,5.5,1033.0,17.200000000000003,236.0,6.155,7.835,0.001,0.0001,0.04058,0.0003,0.003,3e-05,0.0001
2010-03-14,,,,,,,,,,,,,,
2010-03-21,8.0,4.0,1022.0,16.1,142.0,6.09,2.95,,,,,,,
2010-03-28,8.4,2.0,1160.0,20.0,26.0,6.8,1.4,,,,,,,
2010-04-04,7.87,2.0,1112.0,16.5,75.0,6.13,2.12,0.001,0.0001,0.01169,0.0003,0.003,3e-05,0.0001
2010-04-11,7.8,3.0,1029.0,16.6,108.0,6.4,1.54,,,,,,,
2010-04-18,8.18,3.0,1048.0,13.6,83.0,6.66,1.52,0.001,,,,,,
2010-04-25,8.13,2.0,1266.0,16.5,90.0,6.38,1.57,,,,,,,
2010-05-02,,,,,,,,,,,,,,
2010-05-09,8.21,6.0,1224.0,15.4,105.0,6.4,2.51,0.001,0.00293,0.01828,0.002192,0.003,3e-05,0.0001
2010-05-16,7.84,9.0,1106.0,17.7,135.0,6.34,2.95,,,,,,,
2010-05-23,7.84,21.0,1074.0,12.6,242.0,6.5,5.57,0.001,,,,,,
2010-05-30,7.86,10.0,1136.0,15.8,110.0,7.13,4.8,,,,,,,
2010-06-06,7.85,28.0,1075.0,13.4,216.0,6.61,4.6,0.001,0.0019,0.0561,0.0003,0.003,3e-05,0.0001
2010-06-13,8.0,20.0,1070.0,15.2,210.0,6.43,3.97,,,,,,,
2010-06-20,7.65,2.0,1002.0,15.1,16.0,7.1,0.93,0.001,,,,,,
2010-06-27,8.1,2.0,1010.0,16.8,30.0,8.2,2.1,,,,,,,
2010-07-04,7.91,3.0,2360.0,11.2,10.0,7.27,1.86,0.001,0.0019,0.0668,0.0043,0.036,3e-05,0.0001
2010-07-11,8.58,2.0,1524.0,11.8,21.0,8.9,1.35,,,,,,,
2010-07-18,8.02,6.0,1014.0,10.7,50.0,5.61,2.17,0.001,,,,,,
2010-07-25,7.82,22.0,927.0,12.8,20.0,7.51,5.87,,,,,,,
2010-08-01,8.06,22.0,1069.0,14.6,80.0,6.93,3.1,,,,,,,
2010-08-08,8.27,12.0,1086.0,16.1,78.0,7.22,4.31,0.001,0.0001,0.0266,0.0021,0.003,3e-05,0.0001
2010-08-15,8.125,5.5,1387.5,14.65,26.5,6.9350000000000005,4.18,0.001,,,,,,
2010-08-22,,,,,,,,,,,,,,
2010-08-29,8.22,11.0,1047.0,16.9,51.0,6.05,4.84,,,,,,,
2010-09-05,8.51,2.0,807.0,13.0,40.0,7.78,4.55,0.001,0.0001,0.0108,0.0035,0.004,3e-05,0.0001
2010-09-12,7.69,2.0,808.0,17.5,20.0,7.71,2.16,,,,,,,
2010-09-19,8.53,2.0,843.0,15.2,13.0,8.15,1.17,0.001,,,,,,
2010-09-26,,,,,,,,,,,,,,
2010-10-03,8.13,3.0,868.0,13.9,23.0,8.9,1.01,0.001,0.0001,0.0085,0.0026,0.003,3e-05,0.0001
2010-10-10,8.25,2.0,991.0,13.5,12.5,8.13,1.39,,,,,,,
2010-10-17,8.42,5.0,996.0,16.2,38.0,7.38,3.59,0.001,,,,,,
2010-10-24,,,,,,,,,,,,,,
2010-10-31,8.15,6.0,1211.0,21.4,30.0,7.69,1.87,,,,,,,
2010-11-07,8.14,2.0,847.0,18.3,21.0,8.45,0.66,,,,,,,
2010-11-14,8.1,2.0,993.0,21.5,32.0,9.86,0.65,0.001,0.0001,0.0073,0.0043,0.036,3e-05,0.0001
2010-11-21,8.09,5.0,1004.0,20.1,9.0,8.4,0.57,,,,,,,
2010-11-28,7.8,4.0,865.0,18.8,2.0,7.38,0.62,,,,,,,
2010-12-05,8.09,2.0,886.0,19.7,20.0,7.51,0.58,0.001,0.0001,0.0088,0.0032,0.003,3e-05,0.0001
2010-12-12,8.35,2.0,824.0,16.7,23.0,7.4,1.03,,,,,,,
2010-12-19,8.09,3.0,1164.0,22.0,51.0,7.41,1.97,0.001,,,,,,
2010-12-26,8.12,5.0,1535.0,12.8,,7.57,3.92,,,,,,,
2011-01-02,8.35,10.0,1250.0,13.9,320.0,7.31,9.31,,,,,,,
2011-01-09,8.38,5.0,1060.0,17.2,132.0,7.18,2.49,0.006,0.0001,0.0246,0.0033,0.016,3e-05,0.0001
2011-01-16,8.12,5.0,1098.0,15.2,105.0,7.1,2.97,,,,,,,
2011-01-23,8.1,3.0,1056.0,16.5,,7.555,1.86,0.001,,,,,,
2011-01-30,,,,,,,,,,,,,,
2011-02-06,8.08,9.0,900.0,25.0,320.0,6.2,5.07,0.001,0.0001,0.0373,0.0003,0.003,3e-05,0.0001
2011-02-13,7.94,7.0,930.0,,,,3.97,,,,,,,
2011-02-20,,,,,,,,,,,,,,
2011-02-27,7.51,89.0,751.0,13.2,580.0,6.05,54.3,,,,,,,
2011-03-06,7.54,36.0,860.0,15.3,380.0,5.58,32.4,0.001,0.002,0.114,0.0026,0.02,3e-05,0.0001
2011-03-13,8.16,58.0,989.0,15.1,730.0,6.05,32.3,,,,,,,
2011-03-20,8.38,56.0,1061.0,15.0,,6.37,16.6,0.001,,,,,,
2011-03-27,8.04,23.0,1186.0,14.8,,6.37,11.3,,,,,,,
2011-04-03,8.48,38.0,1026.0,14.7,770.0,6.33,33.7,0.006,0.0001,0.1433,0.0039,0.045,0.00085,0.0001
2011-04-10,7.91,65.0,938.0,13.9,860.0,6.5,28.6,,,,,,,
2011-04-17,8.3,32.0,923.0,13.6,670.0,6.44,27.2,0.005,,,,,,
2011-04-24,8.19,81.0,1009.0,17.3,680.0,6.14,22.2,,,,,,,
2011-05-01,8.3,30.0,1137.0,17.5,135.0,6.09,7.98,,,,,,,
2011-05-08,8.235,17.0,1021.0,14.25,130.0,6.205,10.615,0.007,0.0001,0.0327,0.0023,0.009,0.00254,0.0005
2011-05-15,8.36,21.0,1030.0,15.0,,6.41,4.92,0.001,,,,,,
2011-05-22,8.13,4.0,1217.0,13.6,,5.82,2.34,,,,,,,
2011-05-29,,,,,,,,,,,,,,
2011-06-05,8.45,508.5,1224.0,12.9,80.0,6.94,4.03,0.017,0.004,0.048,0.039,0.0173,0.0003,0.0001
2011-06-12,8.19,20.0,1127.0,12.3,85.0,7.04,6.53,,,,,,,
2011-06-19,7.7,2.0,1131.0,11.0,45.0,7.39,3.31,0.001,,,,,,
2011-06-26,7.35,13.0,1227.0,13.1,105.0,7.25,4.58,,,,,,,
2011-07-03,8.34,11.0,1300.0,9.3,140.0,6.86,2.88,0.001,0.0001,0.0356,0.0058,0.017,0.00586,0.0013
2011-07-10,8.3,16.0,1278.0,8.8,180.0,7.01,2.74,,,,,,,
2011-07-17,8.24,4.0,1210.0,13.7,140.0,6.7,3.16,0.005,,,,,,
2011-07-24,8.23,2.0,1153.0,11.9,95.6,6.75,2.42,,,,,,,
2011-07-31,8.12,3.0,1202.0,13.1,,6.78,2.29,,,,,,,
2011-08-07,7.83,2.0,1243.0,13.6,130.0,6.51,8.21,0.001,0.0001,0.0136,0.0027,0.018,0.00169,0.0001
2011-08-14,8.05,2.0,1127.0,14.0,13.0,6.15,3.03,,,,,,,
2011-08-21,8.02,3.0,1123.0,14.4,110.0,6.46,1.99,0.001,,,,,,
2011-08-28,7.64,10.0,1233.0,14.4,126.0,6.42,5.58,,,,,,,
2011-09-04,,3.0,,,,,,,,,,,,
2011-09-11,7.96,8.0,1214.0,15.4,125.0,6.27,10.1,0.001,0.0001,0.0086,0.0031,0.02,3e-05,0.0001
2011-09-18,8.06,5.0,1184.0,16.3,148.0,5.87,2.92,,,,,,,
2011-09-25,8.01,2.0,1201.0,14.4,118.0,6.29,6.37,0.001,,,,,,
2011-10-02,8.0,2.0,1137.5,14.0,47.0,6.215,2.055,,0.001,0.002,0.004,0.0361,0.0003,0.0001
2011-10-09,8.17,2.0,1121.0,15.8,,7.05,2.2,0.001,0.0001,0.0003,0.0003,0.003,3e-05,0.0001
2011-10-16,7.89,10.0,1161.0,18.3,78.0,5.78,3.18,,,,,,,
2011-10-23,8.31,13.0,1020.0,19.6,3.52,5.62,1.66,0.001,,,,,,
2011-10-30,8.21,2.0,1154.0,16.2,3.28,6.22,9.61,,,,,,,
2011-11-06,8.19,2.0,1218.0,21.7,45.0,5.86,2.0,0.006,0.0001,0.0179,0.0063,0.003,3e-05,0.0001
2011-11-13,8.4,2.0,1070.0,17.1,,6.78,1.75,,,,,,,
2011-11-20,8.2,3.0,1184.0,18.1,38.0,5.99,1.94,0.001,,,,,,
2011-11-27,8.21,2.0,1123.0,17.8,24.0,6.8,2.47,,,,,,,
2011-12-04,8.24,2.0,1164.0,17.8,18.9,5.54,1.52,,,,,,,
2011-12-11,8.68,7.0,1106.0,15.9,58.8,7.3,6.31,0.008,0.0001,0.0142,0.0003,0.003,3e-05,0.0001
2011-12-18,8.14,2.0,1139.0,13.6,18.9,8.18,1.71,,,,,,,
2011-12-25,8.53,5.0,1051.0,15.8,17.0,7.1,3.85,,,,,,,
2012-01-01,8.47,283.0,1004.0,14.6,85.0,5.8,4.57,,,,,,,
2012-01-08,8.21,16.0,962.5,15.95,112.5,6.9350000000000005,19.5,0.001,0.0295,0.0003,0.0003,0.643,3e-05,0.0001
2012-01-15,8.5,5.0,935.0,19.2,65.0,6.51,3.17,0.02,,,,,,
2012-01-22,,,,,,,,,,,,,,
2012-01-29,8.28,5.0,1021.0,15.1,180.0,6.22,6.45,,,,,,,
2012-02-05,,,,,,,,,,,,,,
2012-02-12,8.385,14.5,681.5,14.65,360.495,5.4350000000000005,28.15,0.009,0.001,0.0535,0.004,0.036,0.0003,0.0001
2012-02-19,8.15,34.0,668.0,12.1,266.0,6.96,45.1,0.001,0.001,0.101,0.004,0.0007,0.0003,0.0001
2012-02-26,8.17,40.0,790.0,13.4,456.0,6.2,43.1,,0.001,0.002,0.004,0.0058,0.0003,0.0001
2012-03-04,8.19,19.0,1172.0,14.2,965.0,6.15,33.4,,0.001,0.002,0.004,0.0224,0.0003,0.0001
2012-03-11,8.23,44.0,896.0,15.4,384.0,6.53,29.5,0.001,0.001,0.002,0.004,0.0107,0.0003,0.0001
2012-03-18,8.280000000000001,12.0,1106.5,13.65,414.2,6.865,12.74,0.001,0.001,0.002,0.004,0.0072499999999999,0.0003,0.0001
2012-03-25,8.27,17.0,1173.0,15.7,339.75,6.84,13.55,,0.001,0.002,0.004,0.0062,0.0003,0.0001
2012-04-01,7.93,23.0,909.0,15.4,70.8,5.53,23.2,,0.001,0.002,0.004,0.0102,0.0003,0.0001
2012-04-08,8.27,6.0,1183.0,18.1,194.7,6.01,7.95,0.011,0.0001,0.0409,0.0003,0.003,0.00508,0.0001
2012-04-15,,,,,,,,,,,,,,
2012-04-22,8.31,11.0,1018.0,15.7,290.5,6.45,14.6,,0.001,0.028,0.004,0.0096,0.0003,0.0001
2012-04-29,8.24,2.0,686.5,14.15,37.85,6.970000000000001,6.92,,0.0001,0.0238999999999999,0.0021999999999999,0.003,0.000165,0.0001
2012-05-06,8.18,18.0,1237.0,16.4,312.3,7.21,8.64,0.001,0.0012,0.0328,0.0003,0.003,0.00101,0.0009
2012-05-13,8.120000000000001,24.0,1259.0,14.4,293.2,6.220000000000001,9.75,0.001,0.00055,0.01845,0.00295,0.00345,0.000165,0.0005
2012-05-20,,,,,,,,,,,,,,
2012-05-27,,,,,,,,,,,,,,
2012-06-03,8.02,8.0,1358.0,15.1,372.0,5.65,8.27,,0.001,0.002,0.004,0.0041,0.0003,0.0001
2012-06-10,8.08,17.0,1381.0,14.6,288.0,6.69,7.81,0.001,0.001,0.002,0.004,0.003,0.0003,0.0001
2012-06-17,8.09,10.0,1378.0,15.3,220.6,7.29,6.1,0.001,0.00055,0.0125499999999999,0.00215,0.0026,0.000165,0.0001
2012-06-24,8.065,7.0,1309.0,14.2,291.35,6.970000000000001,10.035,,0.00055,0.0093,0.00215,0.0035,0.0008799999999999,0.00055
2012-07-01,8.53,,1361.0,8.5,180.0,8.15,3.59,,0.001,0.002,0.004,0.0013,0.0003,0.0001
2012-07-08,8.09,8.0,1387.0,12.1,110.7,7.71,5.78,0.001,0.0001,0.0068,0.0003,0.003,3e-05,0.0001
2012-07-15,8.185,14.0,1382.5,15.7,118.155,6.975,7.615,0.001,0.00055,0.01075,0.00215,0.00415,0.00105,0.0005
2012-07-22,8.370000000000001,51.0,1209.0,10.5,76.05,7.540000000000001,8.43,,0.0006,0.0231,0.0003,0.003,3e-05,0.0001
2012-07-29,,,,,,,,,,,,,,
2012-08-05,8.12,5.0,1346.0,15.0,95.5,7.4,3.21,0.001,0.0001,0.0065,0.0003,0.003,3e-05,0.0001
2012-08-12,8.07,2.0,1247.0,18.6,76.76,5.69,3.49,0.001,0.0001,0.0077,0.0003,0.003,3e-05,0.0001
2012-08-19,,,,,,,,,,,,,,
2012-08-26,8.13,2.0,1363.0,17.3,9.96,6.98,2.79,,0.0001,0.0139,0.0003,0.003,3e-05,0.0001
2012-09-02,8.58,2.0,2280.0,18.4,8.6,7.36,1.51,0.001,0.0001,0.0108,0.0146,0.003,3e-05,0.0001
2012-09-09,,,,,,,,,,,,,,
2012-09-16,8.33,5.0,448.0,12.7,38.225,7.21,5.57,0.001,0.0001,0.01495,0.0003,0.003,3e-05,0.0001
2012-09-23,7.82,24.0,1414.0,20.0,41.92,6.93,10.4,,0.0001,0.0203,0.0003,0.003,3e-05,0.0001
2012-09-30,8.23,2.0,1343.0,14.1,41.0,7.97,2.02,0.001,0.0019,0.0003,0.0003,0.274,3e-05,0.0001
2012-10-07,8.02,2.0,1331.0,11.0,33.75,7.85,1.28,,0.0037,0.0003,0.0003,0.003,3e-05,0.0001
2012-10-14,8.08,2.0,1420.0,19.4,30.6,7.98,1.52,0.001,0.0001,0.0101,0.0003,0.216,0.00144,0.0001
2012-10-21,8.07,2.0,1377.0,15.9,42.1,7.48,1.24,,0.0001,0.0003,0.0003,0.003,3e-05,0.0001
2012-10-28,,,,,,,,,,,,,,
2012-11-04,8.13,2.0,1555.0,18.8,69.25,6.72,1.23,0.001,0.0001,0.0003,0.0003,0.003,3e-05,0.0001
2012-11-11,8.47,6.0,1677.0,15.5,21.8,7.57,9.9,,0.0001,0.0189,0.0095,0.003,3e-05,0.0001
2012-11-18,8.64,2.0,2080.0,22.9,20.2,7.91,3.18,0.001,0.0001,0.0092,0.0149,0.198,3e-05,0.0001
2012-11-25,8.77,3.0,2410.0,18.5,17.4,8.77,3.09,,0.00055,0.0132,0.0217,0.00185,0.000165,0.0001
2012-12-02,8.585,4.0,2155.0,19.35,28.89,7.529999999999999,2.635,0.001,0.0001,0.0085,0.0139,0.003,3e-05,0.0001
2012-12-09,8.38,6.0,1668.5,13.95,26.55,7.505,3.78,0.001,0.0001,0.0206,0.0097,0.003,3e-05,0.0001
2012-12-16,7.78,35.0,1133.0,12.6,28.75,7.5,29.7,0.001,0.001,0.1442,0.004,0.0151,0.0003,0.0001
2012-12-23,8.11,19.0,723.0,14.8,54.25,7.71,21.45,,0.0001,0.0383,0.00275,0.003,3e-05,0.0001
2012-12-30,,,,,,,,,,,,,,
2013-01-06,8.754999999999999,2.5,660.0,17.05,41.6,9.18,7.399999999999999,0.001,0.0001,0.0141999999999999,0.0024,0.003,3e-05,0.0001
2013-01-13,8.89,5.0,542.0,13.9,24.75,8.35,5.78,,0.0001,0.0138,0.005,0.003,3e-05,0.0001
2013-01-20,8.34,39.5,719.0,15.0,27.0,8.15,53.4,0.001,0.0001,0.0807,0.0003,0.003,3e-05,0.0001
2013-01-27,8.24,16.0,894.0,11.4,31.5,10.13,24.9,,0.0001,0.0818,0.0003,0.003,3e-05,0.0001
2013-02-03,8.44,2.0,851.0,11.4,22.6,8.69,9.53,0.001,0.0001,0.03125,0.0003,0.003,3e-05,0.0001
2013-02-10,8.07,72.0,838.0,17.4,12.7,4.42,61.2,,0.003,0.201,0.0003,0.003,3e-05,0.0001
2013-02-17,8.13,9.5,781.0,14.3,20.52,8.23,19.9,0.001,0.0001,0.0574,0.0019,0.032,3e-05,0.0001
2013-02-24,8.13,11.0,702.0,14.3,30.0,6.51,22.5,,0.0001,0.0712,0.0022,0.019,3e-05,0.0001
2013-03-03,8.085,6.0,748.0,14.1,20.0,8.02,14.0,0.001,0.0001,0.042,0.0003,0.003,3e-05,0.0001
2013-03-10,8.03,2.0,731.0,13.2,16.53,7.73,20.8,,0.0001,0.0367,0.0003,0.003,3e-05,0.0001
2013-03-17,8.05,5.0,700.0,14.9,35.78,6.29,17.3,0.001,0.0001,0.0464,0.0003,0.003,3e-05,0.0001
2013-03-24,8.1,2.0,725.0,13.0,15.4,8.15,7.89,,0.0001,0.0339,0.0003,0.017,3e-05,0.0001
2013-03-31,8.07,8.0,745.0,9.1,12.02,5.5,20.8,0.001,0.0001,0.0361,0.0015,0.003,3e-05,0.0001
2013-04-07,7.995000000000001,7.5,803.0,12.7,8.5,6.675,12.0,0.001,0.0001,0.03165,0.00085,0.003,3e-05,0.0001
2013-04-14,8.0,2.0,862.0,14.9,4.02,7.53,5.91,0.001,0.0001,0.0288,0.0017,0.003,3e-05,0.0001
2013-04-21,8.1,2.5,1026.0,11.5,18.9,6.09,7.2,,0.0001,0.0211,0.0003,0.003,3e-05,0.0001
2013-04-28,8.06,2.0,1222.0,10.3,10.42,7.28,4.84,,0.0001,0.0186,0.0066,0.018,3e-05,0.0001
2013-05-05,8.12,2.0,1354.0,14.9,10.12,7.11,3.96,0.001,0.0001,0.0101,0.0067,0.003,3e-05,0.0001
2013-05-12,8.2,2.0,1546.0,13.1,16.43,6.25,2.7,0.001,0.0001,0.0136,0.0105,0.003,3e-05,0.0001
2013-05-19,8.08,2.0,1554.0,10.3,6.06,7.44,1.57,,0.0001,0.0129,0.0003,0.003,3e-05,0.0001
2013-05-26,,,,,,,,,,,,,,
2013-06-02,8.28,2.0,1743.0,7.3,20.73,6.61,0.51,,0.0001,0.0142,0.0126,0.003,3e-05,0.0001
2013-06-09,8.29,2.0,1805.0,7.6,22.4,8.02,0.79,0.001,0.0001,0.007,0.0109,0.003,3e-05,0.0001
2013-06-16,8.27,2.0,1673.0,10.4,18.38,8.41,0.58,0.001,0.0001,0.0003,0.011,0.003,3e-05,0.0001
2013-06-23,8.2,2.0,1709.0,8.5,24.4,7.75,0.58,,0.0001,0.0003,0.011,0.003,3e-05,0.0001
2013-06-30,8.3,2.0,1847.0,8.6,23.2,9.72,1.04,,0.0001,0.0062,0.0121,0.022,3e-05,0.0001
2013-07-07,8.145,2.0,1831.0,6.0,15.915,8.13,1.03,0.001,0.0001,0.01225,0.00835,0.003,3e-05,0.0001
2013-07-14,8.33,2.0,2150.0,10.35,17.34,6.895,1.42,0.001,0.0026,0.00545,0.0074,0.003,3e-05,0.0001
2013-07-21,8.07,2.0,2130.0,8.3,24.84,5.48,0.85,,0.0001,0.0003,0.0003,0.003,3e-05,0.0001
2013-07-28,8.18,2.0,2280.0,8.7,21.45,8.31,0.84,,0.0001,0.0057,0.0145,0.003,3e-05,0.0001
2013-08-04,8.41,2.0,2455.0,10.25,19.51,5.215,2.215,0.001,0.0012,0.00755,0.014,0.003,3e-05,0.0001
2013-08-11,8.7,3.0,2670.0,16.7,25.48,6.72,3.52,0.001,0.0001,0.0003,0.0003,0.003,3e-05,0.0001
2013-08-18,8.41,2.0,2450.0,13.4,24.44,7.02,1.91,0.001,0.0001,0.0119,0.0167,0.003,3e-05,0.0001
2013-08-25,8.64,3.0,2680.0,6.1,20.15,6.92,4.29,,0.0001,0.0145,0.0172,0.003,3e-05,0.0001
2013-09-01,8.63,10.0,2130.0,12.0,21.6,7.7,8.23,0.001,0.0001,0.0163,0.0141,0.003,3e-05,0.0001
2013-09-08,,,,,,,,,,,,,,
2013-09-15,8.48,15.0,2520.0,10.7,21.6,7.9,8.41,0.001,0.0066,0.032,0.0179,0.003,3e-05,0.0001
2013-09-22,,,,,,,,,,,,,,
2013-09-29,8.76,14.0,3100.0,18.9,25.2,9.74,9.32,,0.0001,0.0279,0.0196,0.003,3e-05,0.0001
2013-10-06,8.67,12.0,2760.0,15.9,21.45,8.355,5.369999999999999,0.001,0.0001,0.01755,0.0199,0.003,3e-05,0.0001
2013-10-13,8.76,5.0,2830.0,16.2,19.8,9.58,3.955,0.001,0.0001,0.00785,0.0234,0.003,3e-05,0.0001
2013-10-20,8.81,2.0,2720.0,15.0,20.27,10.13,3.4,,0.0001,0.0094,0.0195,0.003,3e-05,0.0001
2013-10-27,8.82,5.0,2970.0,17.1,22.1,8.3,2.3,,0.0001,0.0098,0.0228,0.005,3e-05,0.0001
2013-11-03,8.67,13.0,2315.0,19.3,20.42,7.625,11.25,0.001,0.0001,0.0129,0.00875,0.003,3e-05,0.0001
2013-11-10,8.44,21.0,2070.0,16.8,22.3,8.92,31.2,,0.0001,0.0571,0.0003,0.003,3e-05,0.0001
2013-11-17,8.64,9.0,2190.0,18.05,20.63,7.355,10.32,0.001,0.0001,0.01675,0.0192,0.003,3e-05,0.0001
2013-11-24,8.79,7.0,2100.0,19.4,23.3,8.6,6.53,,0.0001,0.0147,0.0172,0.003,3e-05,0.0001
2013-12-01,8.65,2.0,2370.0,16.7,20.8,8.06,6.05,0.001,0.0001,0.0117,0.0142,0.003,3e-05,0.0001
2013-12-08,8.64,9.5,2660.0,18.15,23.4,8.26,6.37,0.001,0.0001,0.013,0.015,0.0069999999999999,3e-05,0.0001
2013-12-15,8.77,14.0,1079.0,19.3,31.28,7.59,27.1,,0.0001,0.0332,0.0076,0.011,3e-05,0.0001
2013-12-22,8.65,45.0,886.5,17.5,25.46,7.85,60.1,,0.0001,0.07815,0.0101,0.0124999999999999,3e-05,0.0001
2013-12-29,7.99,16.5,953.0,12.1,63.8,5.91,23.5,0.001,0.00405,0.0419999999999999,0.00515,0.0204999999999999,0.001515,0.0001
2014-01-05,8.440000000000001,8.0,814.0,13.3,28.65,7.465,9.99,0.001,0.0001,0.0243,0.0003,0.003,3e-05,0.0001
2014-01-12,8.489999999999998,36.0,717.5,14.3,32.8,9.75,43.6,0.001,0.0001,0.06955,0.0035499999999999,0.003,3e-05,0.0001
2014-01-19,8.53,16.0,696.0,15.0,26.0,7.68,16.5,0.001,0.0001,0.0355,0.0003,0.003,3e-05,0.0001
2014-01-26,8.07,80.0,628.0,11.6,42.5,6.73,24.2,,0.0001,0.1056,0.0044,0.014,3e-05,0.0001
2014-02-02,8.295,13.0,640.5,12.25,43.9,7.995,12.45,0.001,0.0001,0.0245,0.00455,0.0305,0.000625,0.0001
2014-02-09,8.67,25.0,567.0,17.9,69.8,6.74,24.7,,0.0001,0.0604,0.0003,0.003,3e-05,0.0001
2014-02-16,8.34,7.0,608.0,14.4,36.5,7.69,11.1,0.001,0.0001,0.0334,0.0032,0.003,3e-05,0.0001
2014-02-23,8.1,2.5,655.0,13.05,37.25,6.16,4.25,0.001,0.0001,0.0154499999999999,0.0003,0.003,3e-05,0.0001
2014-03-02,8.24,7.0,722.0,15.0,34.3,6.58,7.14,0.001,0.0001,0.0169,0.0003,0.003,3e-05,0.0001
2014-03-09,7.95,2.0,854.0,14.2,27.7,6.33,1.14,0.001,0.0001,0.0078,0.0052499999999999,0.02,3e-05,0.0001
2014-03-16,7.98,6.0,1040.0,13.9,23.2,6.06,3.53,0.001,0.0001,0.0131,0.0062,0.044,3e-05,0.0001
2014-03-23,7.9,3.0,515.0,15.0,30.8,6.17,1.9,,0.0001,0.0116,0.0045,0.026,3e-05,0.0001
2014-03-30,7.93,2.0,556.0,12.4,19.24,6.54,1.19,,0.0001,0.0084,0.0038,0.003,3e-05,0.0001
2014-04-06,7.89,2.0,631.0,12.4,17.62,6.36,1.88,0.001,0.0001,0.0003,0.0072,0.003,3e-05,0.0001
2014-04-13,7.93,2.0,720.0,13.75,22.8,7.26,1.44,0.001,0.0001,0.0032,0.00525,0.005,3e-05,0.0001
2014-04-20,7.92,2.0,845.0,13.0,22.7,5.57,0.58,0.001,0.0001,0.0057,0.0043,0.003,3e-05,0.0001
2014-04-27,7.96,2.0,953.5,14.3,23.4,5.855,0.695,,0.0001,0.00485,0.006,0.0075,3e-05,0.0001
2014-05-04,8.0,2.0,1229.0,17.8,16.6,5.25,0.32,0.001,0.0001,0.0058,0.007,0.003,3e-05,0.0001
2014-05-11,8.29,2.0,1643.0,9.3,18.9,5.71,0.67,0.001,0.0001,0.0021,0.0065,0.0104999999999999,3e-05,0.0001
2014-05-18,7.95,2.0,1977.0,8.7,20.1,5.56,0.28,0.001,0.0011,0.0053,0.0003,0.026,3e-05,0.0001
2014-05-25,8.0,2.0,2090.0,6.9,22.0,7.08,0.26,,0.0001,0.0032,0.0067,0.038,3e-05,0.0001
2014-06-01,8.04,2.0,2390.0,4.0,23.3,7.63,0.18,0.001,0.0001,0.0038,0.0074,0.003,3e-05,0.0001
2014-06-08,8.05,2.0,2450.0,5.6,22.4,6.7,0.64,,0.0001,0.0041,0.0087,0.036,3e-05,0.0001
2014-06-15,7.97,2.0,2685.0,5.4,21.5,6.69,0.285,0.001,0.0001,0.00165,0.0075999999999999,0.01,3e-05,0.0001
2014-06-22,,,,,,,,,,,,,,
2014-06-29,8.07,2.0,2825.0,8.3,22.11,7.16,0.45,,0.0001,0.0036,0.0091,0.003,3e-05,0.0001
2014-07-06,7.9,2.5,2990.0,5.75,21.6,6.785,0.85,0.001,0.0001,0.00165,0.00855,0.0065,3e-05,0.0001
2014-07-13,7.97,2.0,2970.0,5.3,21.7,6.49,0.27,,0.0001,0.0027,0.0078,0.003,3e-05,0.0001
2014-07-20,7.79,2.0,3110.0,1.8,21.8,5.64,0.39,0.001,0.0001,0.0055,0.0067,0.003,3e-05,0.0001
2014-07-27,7.93,2.0,3250.0,7.5,24.3,7.21,0.3,,0.0001,0.0003,0.0079,0.003,3e-05,0.0001
2014-08-03,7.99,2.5,3320.0,7.8,19.450000000000003,7.845000000000001,0.71,0.001,0.0001,0.003,0.004,0.0075,3e-05,0.0001
2014-08-10,7.859999999999999,3.0,2725.5,6.65,9.725,7.220000000000001,0.8200000000000001,0.001,0.0001,0.00265,0.0049,0.003,3e-05,5e-05
2014-08-17,7.74,4.0,1682.0,4.6,3.5,5.61,0.6,0.001,0.0001,0.0088,0.0038,0.003,3e-05,5e-05
2014-08-24,7.845000000000001,7.0,1952.0,4.85,2.66,6.59,2.58,,0.0001,0.01265,0.00475,0.011,3e-05,5e-05
2014-08-31,,,,,,,,,,,,,,
2014-09-07,7.915,2.0,3665.0,13.55,18.34,6.85,0.615,0.001,0.0001,0.0023,0.01285,0.032,3e-05,5e-05
2014-09-14,7.92,3.0,3540.0,12.5,18.9,7.14,0.91,,0.0001,0.0003,0.0138,0.003,3e-05,5e-05
2014-09-21,8.62,6.0,3420.0,18.8,19.8,6.29,3.51,,0.0001,0.00555,0.01075,0.003,3e-05,5e-05
2014-09-28,,,,,,,,,,,,,,
2014-10-05,7.93,2.0,3290.0,14.6,15.1,6.68,0.81,0.001,0.0001,0.0078,0.0134,0.012,3e-05,5e-05
2014-10-12,7.66,6.0,1808.5,16.25,45.5,5.79,4.470000000000001,0.001,0.0001,0.0137499999999999,0.0083,0.003,3e-05,5e-05
2014-10-19,8.0,2.0,1841.0,16.1,22.8,6.2,1.11,0.001,0.0001,0.0098,0.0051,0.014,3e-05,5e-05
2014-10-26,7.92,18.0,1522.0,10.7,44.3,6.53,30.4,,0.0001,0.0475,0.0044,0.003,3e-05,5e-05
2014-11-02,7.97,2.0,2500.0,10.75,24.55,6.3100000000000005,0.865,0.001,0.0001,0.0017499999999999,0.0097,0.003,3e-05,5e-05
2014-11-09,8.0,3.0,2780.0,13.2,25.6,6.35,0.81,,0.0001,0.005,0.0111,0.003,3e-05,5e-05
2014-11-16,7.805,3.5,3265.0,12.55,20.4,6.725,1.595,0.001,0.0001,0.0026499999999999,0.0086,0.003,3e-05,5e-05
2014-11-23,7.87,2.0,3580.0,17.2,26.7,6.13,2.15,0.001,0.0001,0.002,0.0109,0.003,3e-05,5e-05
2014-11-30,7.965,2.0,3305.0,14.1,34.45,6.07,0.905,0.001,0.0001,0.0021,0.0109,0.012,3e-05,5e-05
2014-12-07,8.04,14.0,2430.0,16.1,21.2,7.82,15.7,0.001,0.0001,0.0183,0.0071,0.003,3e-05,5e-05
2014-12-14,7.84,2.0,3590.0,10.2,16.8,6.53,0.83,0.001,0.0001,0.0017,0.0105,0.012,3e-05,5e-05
2014-12-21,7.91,2.0,3590.0,12.9,19.6,5.95,1.91,,0.0001,0.0033,0.0097,0.003,3e-05,5e-05
2014-12-28,7.97,5.0,2550.0,13.7,21.5,6.3,4.05,,0.0001,0.006,0.0089,0.003,3e-05,5e-05
2015-01-04,8.24,25.0,754.0,12.6,56.0,6.26,51.7,0.001,0.0001,0.0594,0.0062,0.014,3e-05,5e-05
2015-01-11,8.31,10.0,644.0,15.4,21.6,6.76,11.6,0.001,0.0001,0.019,0.0054,0.004,3e-05,5e-05
2015-01-18,7.81,25.0,587.0,11.4,138.3,6.04,35.8,0.001,0.0001,0.0887,0.0029,0.016,3e-05,5e-05
2015-01-25,8.28,3.0,859.0,14.1,28.68,7.26,3.25,0.001,0.0001,0.011,0.0082,0.015,3e-05,5e-05
2015-02-01,8.255,16.5,585.5,13.15,37.6,6.654999999999999,24.615,0.001,0.00405,0.0465999999999999,0.00895,0.0265,0.001515,7.500000000000001e-05
2015-02-08,7.97,83.0,445.0,13.6,123.5,6.805,140.6,0.001,0.00475,0.2185,0.0074,0.034,0.001515,7.500000000000001e-05
2015-02-15,8.09,21.5,411.5,13.05,227.6,6.59,40.150000000000006,0.001,0.0021999999999999,0.0824,0.00255,0.022,3e-05,5e-05
2015-02-22,8.21,5.0,509.0,11.3,39.1,6.98,22.5,0.001,0.0001,0.05,0.0025,0.009,3e-05,5e-05
2015-03-01,7.92,9.0,600.0,13.7,48.5,6.36,19.4,0.001,0.0001,0.05995,0.0034,0.012,3e-05,5e-05
2015-03-08,8.06,10.0,765.0,13.4,37.8,7.07,24.5,0.001,0.0017,0.0591,0.0028,0.041,3e-05,5e-05
2015-03-15,8.29,3.0,805.0,11.7,1.82,6.68,4.21,0.001,0.0001,0.016,0.0046,0.012,3e-05,5e-05
2015-03-22,7.99,10.0,643.0,11.9,3.0,6.99,29.3,0.001,0.0001,0.0503,0.0034,0.011,3e-05,5e-05
2015-03-29,,,,,,,,,,,,,,
2015-04-05,8.07,3.0,760.0,15.2,1.4,7.84,2.26,0.001,0.0001,0.0142,0.004,0.037,3e-05,5e-05
2015-04-12,8.25,5.0,734.5,12.3,23.55,7.165,11.65,0.001,0.0001,0.0377,0.0025,0.0235,3e-05,5e-05
2015-04-19,8.16,6.0,547.0,13.5,18.9,6.59,28.2,0.001,0.0001,0.0896,0.0018,0.021,3e-05,5e-05
2015-04-26,7.85,2.0,761.0,10.7,3.24,6.83,3.75,0.001,0.0001,0.0185,0.0003,0.013,3e-05,5e-05
2015-05-03,7.8,2.0,759.0,8.0,4.5,5.65,2.86,0.001,0.0001,0.0098,0.0031,0.003,3e-05,5e-05
2015-05-10,7.92,2.0,1273.0,9.5,3.68,7.48,1.39,0.001,0.0001,0.0084,0.0027,0.003,3e-05,5e-05
2015-05-17,8.235,2.0,898.5,10.05,1.925,6.95,1.0,0.001,0.0001,0.00755,0.00295,0.0075,3e-05,5e-05
2015-05-24,8.62,2.0,820.0,12.1,7.22,9.06,2.74,0.001,0.0001,0.0098,0.0037,0.003,3e-05,5e-05
2015-05-31,8.245000000000001,2.0,1081.0,8.649999999999999,2.565,7.635,1.4300000000000002,0.001,0.0001,0.0091,0.0036,0.003,3e-05,5e-05
2015-06-07,8.465,2.0,1277.0,10.95,2.75,8.05,1.025,0.001,0.0001,0.00655,0.00435,0.005,3e-05,5e-05
2015-06-14,8.19,2.0,1609.0,5.6,3.65,7.6,0.74,0.001,0.0001,0.0061,0.0055,0.009,3e-05,5e-05
2015-06-21,8.28,2.0,1745.0,5.3,2.5,8.35,0.59,0.001,0.0001,0.0078,0.0057,0.016,3e-05,5e-05
2015-06-28,,,,,,,,,,,,,,
2015-07-05,8.165,2.0,1785.5,10.2,2.25,7.02,1.06,0.001,0.0001,0.00745,0.0060999999999999,0.0134999999999999,3e-05,5e-05
2015-07-12,7.895,2.0,1688.0,5.25,2.345,7.635,0.71,0.001,0.0001,0.0055,0.005,0.014,3e-05,5e-05
2015-07-19,7.84,2.0,1663.0,4.2,3.52,7.26,1.17,0.001,0.0001,0.005,0.0047,0.003,3e-05,5e-05
2015-07-26,8.1,2.0,1794.0,12.6,1.2,8.2,0.58,0.001,0.0001,0.0058,0.0079,0.003,3e-05,5e-05
2015-08-02,8.055,2.0,1882.0,9.25,2.35,7.445,1.4300000000000002,0.001,0.0001,0.0058,0.0066,0.0095,3e-05,5e-05
2015-08-09,8.295,2.0,1851.0,15.0,1.2,8.254999999999999,0.66,0.001,0.0001,0.00635,0.00695,0.003,3e-05,5e-05
2015-08-16,8.18,2.0,2040.0,6.4,1.26,6.8,0.97,0.001,0.0001,0.0064,0.0057,0.039,3e-05,5e-05
2015-08-23,8.04,2.0,1958.0,8.7,1.13,7.82,2.09,0.001,0.0001,0.0073,0.0074,0.003,3e-05,5e-05
2015-08-30,8.37,2.0,1951.0,13.4,1.26,7.52,1.02,0.001,0.0001,0.0034,0.0074,0.003,3e-05,5e-05
2015-09-06,8.17,3.5,2130.0,12.35,1.1,8.015,1.4200000000000002,0.0025,0.00015,0.00415,0.0083,0.00175,0.000115,5e-05
2015-09-13,7.99,3.5,2170.0,9.35,0.885,7.595000000000001,0.7,0.0025,0.00015,0.00315,0.0067,0.00175,0.000115,5e-05
2015-09-20,7.9,3.5,2250.0,11.2,1.3,6.97,0.98,0.004,0.00015,0.004,0.0036499999999999,0.00175,0.000115,5e-05
2015-09-27,8.21,5.0,2170.0,9.4,15.0,7.27,1.98,0.004,0.0002,0.0003,0.0005,0.0005,0.0002,5e-05
2015-10-04,7.27,5.0,2200.0,10.4,1.13,7.13,0.58,0.004,0.0002,0.0003,0.00673,0.0005,0.0002,5e-05
2015-10-11,8.06,7.75,2435.0,6.8,2.68,6.71,4.79,0.004,0.0002,0.002295,0.005695,0.0005,0.0002,0.053175
2015-10-18,8.33,5.0,2390.0,13.0,0.16,7.49,2.38,0.004,0.0002,0.00278,0.00627,0.0005,0.0002,5e-05
2015-10-25,8.295,5.0,2435.0,13.9,0.6799999999999999,7.275,1.45,0.004,0.0002,0.00261,0.00346,0.0005,0.0002,5e-05
2015-11-01,8.055,5.0,1772.5,12.35,2.65,7.43,1.645,0.004,0.0002,0.01375,0.0079,0.0005,0.0002,0.0005
2015-11-08,8.22,5.0,1969.0,14.2,1.52,7.39,1.63,0.004,0.0002,0.0003,0.0005,0.0005,0.0002,5e-05
2015-11-15,7.95,5.0,2150.0,11.8,2.4,6.48,0.87,0.004,0.0002,0.0106,0.00727,0.0005,0.0002,5e-05
2015-11-22,8.11,5.0,1684.0,12.8,2.66,6.81,1.2,0.004,0.0034149999999999,0.00938,0.0083,0.0005,0.0002,5e-05
2015-11-29,,,,,,,,,,,,,,
2015-12-06,8.47,5.0,2210.0,15.8,1.75,7.61,0.85,0.004,0.0002,0.00563,0.0048,0.0005,0.0002,5e-05
2015-12-13,8.49,,2210.0,22.7,13.1,7.62,1.14,0.004,0.0002,0.008,0.00917,0.0005,0.0002,5e-05
2015-12-20,8.19,5.0,1240.0,14.1,29.66,6.92,45.2,0.004,0.0002,0.06708,0.00342,0.0005,0.0002,5e-05
2015-12-27,,,,,,,,,,,,,,
2016-01-03,8.27,13.44,806.0,12.35,5.6,7.26,25.9,0.004,0.0002,0.04842,0.00478,0.0005,0.0002,5e-05
2016-01-10,8.47,5.0,910.0,12.4,1.82,9.22,5.71,0.004,0.0002,0.018815,0.005445,0.006625,0.0002,5e-05
2016-01-17,8.51,5.0,957.0,13.2,1.5,9.33,4.97,0.004,0.0002,0.01742,0.00498,0.004,0.0002,5e-05
2016-01-24,8.36,5.0,764.0,12.6,23.47,8.72,6.86,0.004,0.0002,0.02137,0.00464,0.0005,0.0002,5e-05
2016-01-31,8.89,26.22,878.0,19.9,3.83,9.56,4.07,0.004,0.0002,0.01513,0.00618,0.0005,0.0002,5e-05
2016-02-07,8.29,5.0,1013.0,14.7,5.1,7.18,12.0,0.004,0.0002,0.02453,0.004025,0.007375,0.0002,5e-05
2016-02-14,8.19,11.555,557.0,14.1,10.6,6.69,29.9,0.004,0.0011,0.0568,0.00207,0.00469,0.0002,5e-05
2016-02-21,8.02,54.3,434.0,13.4,128.775,6.27,90.7,,0.00261,0.1169,0.00216,0.04777,0.0002,5e-05
2016-02-28,7.975,82.75,376.5,11.55,213.125,6.715,81.7,,0.00452,0.272,0.00208,0.04888,0.0002,5e-05
2016-03-06,8.165,7.21,363.5,14.15,30.0,6.7,15.32,0.004,0.0002,0.0375,0.00173,0.005295,0.0002,5e-05
2016-03-13,8.14,33.32,345.0,12.5,57.6,6.43,46.5,0.004,0.00067,0.09168,0.002125,0.00515,0.0002,5e-05
2016-03-20,8.15,7.47,332.0,21.9,18.6,6.29,11.5,0.004,0.0002,0.03116,0.00196,0.00417,0.0002,5e-05
2016-03-27,8.2,,393.0,17.3,21.42,6.38,7.47,,,,,,,
2016-04-03,8.01,5.0,477.5,14.05,10.6,6.155,3.005,0.004,0.0002,0.0135,0.0054,0.0005,0.0002,5e-05
2016-04-10,8.08,5.27,480.0,12.5,23.6,6.2,32.6,0.004,0.0023499999999999,0.04615,0.002635,0.00307,0.0002,5e-05
2016-04-17,7.825,5.0,548.5,11.35,14.4,5.675,4.71,0.004,0.0002,0.0213,0.0024,0.0005,0.0002,5e-05
2016-04-24,8.335,5.0,447.0,12.0,17.4,7.16,19.4,0.004,0.0002,0.03119,0.0015,0.0005,0.0002,5e-05
2016-05-01,,,,,,,,,,,,,,
2016-05-08,8.17,5.0,503.0,10.1,6.3,7.475,6.41,0.004,0.0002,0.015495,0.00196,0.0005,0.0002,5e-05
2016-05-15,7.91,5.0,596.0,8.9,1.2,6.63,1.67,0.004,0.0002,0.00924,0.0043,0.0005,0.0002,5e-05
2016-05-22,7.89,5.0,612.0,11.7,2.0,7.71,1.11,0.004,0.0002,0.00738,0.0005,0.0005,0.0002,5e-05
2016-05-29,,,,,,,,,,,,,,
2016-06-05,7.89,5.0,835.0,4.0,3.2,6.46,1.15,0.004,0.0002,0.005815,0.00364,0.0005,0.0002,5e-05
2016-06-12,7.939999999999999,5.0,1551.0,8.1,1.05,6.165,1.255,0.004,0.0002,0.0062699999999999,0.004535,0.0005,0.0002,5e-05
2016-06-19,8.04,5.0,1780.5,7.1,4.52,7.085,4.85,0.004,0.0002,0.00692,0.00481,0.0005,0.0002,5e-05
2016-06-26,8.0,5.0,2410.0,6.1,4.5,7.26,4.94,0.004,0.0002,0.01012,0.00491,0.0005,0.0002,5e-05
2016-07-03,8.15,5.0,1796.0,8.7,7.51,8.02,3.02,0.004,0.0002,0.00375,0.00534,0.0005,0.0002,5e-05
2016-07-10,7.89,5.0,969.0,7.4,0.49,5.71,0.88,0.004,0.0002,0.00409,0.00563,0.0005,0.0002,5e-05
2016-07-17,7.859999999999999,5.0,1069.0,3.15,1.2,6.62,4.88,0.004,0.0002,0.0072949999999999,0.005515,0.00095,0.0002,5e-05
2016-07-24,7.98,5.0,1512.0,4.7,1.3,6.98,0.83,0.004,0.0002,0.00225,0.00509,0.0005,0.0002,5e-05
2016-07-31,8.04,5.0,2130.0,3.7,1.04,7.05,6.15,0.004,0.0002,0.0135,0.0057,0.0005,0.0002,5e-05
2016-08-07,8.37,5.0,3140.0,9.7,4.1,7.85,7.29,0.004,0.0002,0.02822,0.0079,0.0005,0.0002,5e-05
2016-08-14,8.35,5.0,3250.0,9.7,10.8,7.97,7.31,0.004,0.0002,0.0138,0.0078,0.0005,0.0002,5e-05
2016-08-21,8.41,5.0,3320.0,10.6,13.995,7.63,6.91,0.004,0.0002,0.0136,0.0126,0.0005,0.0002,5e-05
2016-08-28,,,,,,,,,,,,,,
2016-09-04,8.71,10.06,1047.0,17.7,0.25,7.63,9.76,0.004,0.0002,0.0228,0.0173,0.0005,0.0002,5e-05
2016-09-11,8.67,5.0,683.0,13.9,2.67,8.94,3.34,0.004,0.0002,0.00655,0.0088,0.0022,0.0002,5e-05
2016-09-18,8.92,5.0,631.0,14.3,0.75,11.8,3.59,0.004,0.0002,0.0056,0.0097,0.0059,0.0002,5e-05
2016-09-25,8.69,5.0,529.0,11.7,0.24,9.62,3.51,0.004,0.0002,0.006,0.0077,0.0016,0.0002,5e-05
2016-10-02,8.69,5.0,2680.0,12.0,1.32,9.05,4.32,0.004,0.0002,0.004,0.0088,0.0005,0.0002,5e-05
2016-10-09,8.56,10.7,2770.0,14.8,2.8,7.1,11.4,0.004,0.0002,0.0456,0.0107,0.0058,5e-05,5e-05
2016-10-16,8.25,10.95,3770.0,15.4,3.03,6.14,9.22,0.004,0.0002,0.03535,0.0101,0.00255,0.000125,5e-05
2016-10-23,8.25,16.24,2550.0,11.1,4.2,6.38,22.0,0.004,0.0002,0.0567,0.0092,0.0053,5e-05,5e-05
2016-10-30,,,,,,,,,,,,,,
2016-11-06,7.9,5.0,1588.0,9.8,0.7,5.75,6.32,0.004,0.0002,0.0145,0.0093,0.0005,5e-05,5e-05
2016-11-13,7.78,9.94,965.0,12.2,0.78,6.08,16.1,0.004,0.0002,0.0281,0.0103,0.00255,5e-05,5e-05
2016-11-20,8.45,8.32,523.0,13.3,0.73,8.23,2.05,0.004,0.0002,0.0059,0.0085,0.0005,5e-05,5e-05
2016-11-27,8.35,12.02,2950.0,12.6,9.28,7.41,12.5,0.004,0.0002,0.0312,0.0096,0.0005,5e-05,5e-05
2016-12-04,8.18,5.0,2830.0,15.4,2.5,6.88,8.74,0.004,0.0002,0.0243,0.0099,0.0005,5e-05,5e-05
2016-12-11,8.66,7.9,2290.0,17.9,1.8,8.63,8.8,0.004,0.0002,0.0288,0.007965,0.0005,5e-05,5e-05
2016-12-18,8.065000000000001,5.0,708.0,12.3,0.6,6.87,4.38,0.004,0.0002,0.0003,0.0148,0.0005,5e-05,5e-05
2016-12-25,8.08,11.4,2760.0,13.4,5.18,6.4,8.53,0.004,0.0002,0.00965,0.00366,0.00123,5e-05,5e-05
2017-01-01,8.2,5.0,1054.0,12.4,9.5,7.67,10.5,0.004,0.0002,0.0162,0.005,0.0005,5e-05,5e-05
2017-01-08,8.48,15.9,697.0,15.1,20.85,6.86,48.1,0.004,0.0002,0.06345,0.00255,0.0034999999999999,5e-05,5e-05
2017-01-15,7.98,16.5,640.0,10.8,36.77,7.02,37.2,0.004,0.0002,0.0866,0.0027,0.005,5e-05,5e-05
2017-01-22,8.57,10.4,535.0,12.1,28.3,7.76,10.05,0.004,0.0002,0.0251,0.0027,0.0066,5e-05,5e-05
2017-01-29,,,,,,,,,,,,,,
2017-02-05,8.254999999999999,11.88,601.0,12.6,21.0,7.09,12.5,0.004,0.0002,0.037,0.0026,0.0005,5e-05,5e-05
2017-02-12,8.23,5.3100000000000005,651.0,13.0,14.3,7.12,7.08,0.004,0.0002,0.026,0.00365,0.00285,5e-05,5e-05
2017-02-19,,8.44,752.0,13.2,12.64,6.83,6.28,0.004,0.0002,0.0351,0.0045,0.0005,5e-05,5e-05
2017-02-26,8.155000000000001,35.46,608.0,12.3,92.48,6.75,43.55,0.004,0.0014,0.0901,0.0026,0.0027,5e-05,5e-05
2017-03-05,8.08,108.88,395.0,10.0,30.4,6.51,49.5,0.004,0.0041,0.2101,0.0037,0.0368,5e-05,5e-05
2017-03-12,8.1,17.37,309.0,12.9,49.8,6.64,44.0,0.004,0.002,0.07515,0.00265,0.0119,5e-05,5e-05
2017-03-19,8.3,19.3,450.0,10.1,37.44,7.21,91.2,0.004,0.0024,0.1217,0.0024,0.015,5e-05,5e-05
2017-03-26,8.32,101.6,320.0,12.2,146.0,6.5,126.0,0.004,0.00444,0.23159,0.00249,0.02266,6e-05,5e-05
2017-04-02,8.28,56.16,306.0,12.5,97.3,6.69,61.7,0.001,0.00248,0.15149,0.00151,0.01697,8e-05,6e-05
2017-04-09,8.27,17.47,334.0,10.7,155.2,6.96,27.0,0.001,0.001505,0.10211,0.001465,0.01202,5.5e-05,6e-05
2017-04-16,8.34,18.4,375.0,10.8,73.8,6.78,20.1,0.001,0.00083,0.04959,0.00228,0.00799,5e-05,6e-05
2017-04-23,8.22,15.64,486.0,12.8,47.8,6.75,30.9,0.001,0.00119,0.06969,0.00297,0.0094,5e-05,6e-05
2017-04-30,,,,,,,,,,,,,,
2017-05-07,8.219999999999999,11.56,504.5,14.35,32.725,6.369999999999999,44.05,0.001,0.00051,0.03995,0.00171,0.00415,5e-05,6e-05
2017-05-14,7.69,31.14,503.0,8.0,0.085,5.73,42.5,0.001,0.00172,0.12284,0.00542,0.0167,9e-05,6e-05
2017-05-21,8.52,20.46,583.0,11.4,0.99,8.69,30.3,0.001,0.00099,0.062275,0.0029649999999999,0.0061849999999999,5e-05,6e-05
2017-05-28,8.07,5.98,1063.0,10.2,1.25,6.59,6.64,0.001,0.0004,0.03059,0.00535,0.00504,5e-05,6e-05
2017-06-04,8.4,3.58,891.0,9.7,13.2,8.19,4.24,0.001,0.00023,0.0184,0.00535,0.00266,5e-05,6e-05
2017-06-11,8.48,5.53,867.0,7.6,7.92,7.05,3.72,0.001,0.000215,0.01689,0.00579,0.00301,5e-05,6e-05
2017-06-18,8.02,2.7,1104.0,5.8,10.4,6.74,3.48,0.001,0.00015,0.01395,0.00642,0.00228,5e-05,6e-05
2017-06-25,8.36,2.5,1307.0,9.2,3.33,7.64,3.0,0.001,0.00022,0.01867,0.00868,0.00358,5e-05,6e-05
2017-07-02,8.59,2.86,1635.0,10.0,4.35,8.17,4.73,0.001,0.00019,0.01498,0.0083,0.00238,5e-05,6e-05
2017-07-09,8.24,6.5,1927.0,7.5,1.915,7.61,2.19,0.001,0.0003199999999999,0.028005,0.011485,0.005485,5e-05,6e-05
2017-07-16,7.98,2.7,1917.0,9.7,1.5,6.21,4.01,0.001,0.00019,0.01331,0.0114,0.00374,5e-05,6e-05
2017-07-23,8.16,11.4,1133.0,3.8,0.73,6.44,14.9,0.001,0.00053,0.0327,0.00906,0.00593,5e-05,6e-05
2017-07-30,,,,,,,,,,,,,,
2017-08-06,8.23,6.78,3230.0,7.4,10.4,7.34,10.9,0.001,0.00071,0.02543,0.01086,0.00469,5e-05,6e-05
2017-08-13,8.4,6.24,3240.0,10.1,17.58,7.75,7.2,0.001,0.001315,0.019385,0.01134,0.010615,5e-05,6e-05
2017-08-20,8.3,5.3,3220.0,7.2,7.46,7.58,6.08,0.001,0.00022,0.02091,0.01041,0.01325,5e-05,6e-05
2017-08-27,8.38,2.74,3257.5,8.4,4.4,8.14,4.38,0.001,0.0002,0.01134,0.01049,0.00522,5e-05,6e-05
2017-09-03,8.23,8.82,2670.0,16.6,2.1,7.26,8.54,0.001,0.00034,0.02056,0.01103,0.00749,9e-05,6e-05
2017-09-10,8.67,9.6,3050.0,15.0,2.32,8.45,7.61,0.001,0.001545,0.02168,0.01098,0.00935,5e-05,9e-05
2017-09-17,8.56,8.94,3330.0,12.8,3.49,8.4,8.85,0.001,0.00032,0.01805,0.01085,0.0043,5e-05,6e-05
2017-09-24,8.51,11.4,3600.0,13.3,8.06,7.07,15.7,0.001,0.00056,0.02893,0.01134,0.00864,5e-05,6e-05
2017-10-01,8.45,21.8,3530.0,14.4,12.3,7.95,23.3,0.001,0.00064,0.03095,0.01206,0.01131,7e-05,0.00011
2017-10-08,8.54,10.5,3780.0,13.4,20.34,8.2,11.9,0.001,0.00047,0.02284,0.01371,0.008455,5e-05,9.5e-05
2017-10-15,,,,,,,,,,,,,,
2017-10-22,8.18,10.21,1447.0,11.1,35.0,7.0,23.4,0.001,0.00147,0.042905,0.004035,0.01606,7.000000000000001e-05,6e-05
2017-10-29,9.12,,1479.0,22.1,17.01,6.75,3.89,,,,,,,
2017-11-05,8.6,13.6,2330.0,14.4,13.73,7.78,16.2,0.001,0.00068,0.04557,0.00776,0.04174,5e-05,6e-05
2017-11-12,8.4,12.5,3060.0,16.5,17.38,7.18,11.6,0.001,0.00065,0.03315,0.01096,0.01252,5e-05,6e-05
2017-11-19,8.25,7.06,2250.0,12.7,20.16,7.0,6.7,0.001,0.00036,0.02947,0.00513,0.01722,5e-05,6e-05
2017-11-26,8.27,8.29,1483.0,12.0,28.3,6.63,7.53,0.001,0.00042,0.0236499999999999,0.004125,0.00645,5e-05,6e-05
2017-12-03,8.52,2.5,1854.0,15.8,15.6,7.4,5.84,0.001,0.00038,0.02161,0.00883,0.01086,5e-05,6e-05
2017-12-10,8.37,2.5,1937.0,15.0,25.12,7.16,6.61,0.001,0.00023,0.0178,0.007375,0.019655,5e-05,7.500000000000001e-05
2017-12-17,8.45,2.5,1984.0,15.6,11.52,6.63,4.3,0.001,0.00022,0.01651,0.00728,0.00996,5e-05,6e-05
2017-12-24,8.19,125.0,914.0,12.9,51.7,6.54,153.0,0.001,0.00401,0.14139,0.00422,0.02407,8e-05,6e-05
2017-12-31,,,,,,,,,,,,,,
2018-01-07,8.245000000000001,45.3,485.5,11.2,133.2,6.87,86.8,0.001,0.00216,0.10613,0.00213,0.02992,8e-05,6e-05
2018-01-14,8.5,35.1,363.0,12.4,64.08,6.98,43.2,0.001,0.00166,0.07976,0.00276,0.01794,7e-05,6e-05
2018-01-21,8.35,61.3,404.0,11.0,64.4,6.82,88.3,0.001,0.00283,0.12277,0.00263,0.02604,7e-05,6e-05
2018-01-28,,,,,,,,,,,,,,
2018-02-04,8.92,10.2,366.0,12.6,129.0,6.38,10.4,0.001,0.00051,0.03143,0.00191,0.01262,5e-05,6e-05
2018-02-11,8.17,38.4,489.0,11.2,25.2,6.365,43.0,0.001,0.00147,0.08626,0.00208,0.01472,5e-05,6e-05
2018-02-18,8.27,76.1,336.0,10.6,875.0,6.7,93.0,0.001,0.003615,0.191485,0.001785,0.033095,7e-05,6e-05
2018-02-25,8.45,23.1,310.0,14.7,92.6,6.68,31.6,0.001,0.00122,0.06672,0.0016,0.01383,5e-05,6e-05
2018-03-04,8.035,42.1,285.75,11.35,59.8,6.55,96.85,0.001,0.00208,0.09764,0.00187,0.01809,5e-05,6e-05
2018-03-11,8.69,42.15,272.0,12.5,75.1,6.87,127.0,0.001,0.0028,0.1624399999999999,0.002685,0.028455,5e-05,6e-05
2018-03-18,8.295,42.6,218.6,12.65,138.7,6.54,143.65,0.001,0.00312,0.17048,0.00206,0.02725,5e-05,6e-05
2018-03-25,7.77,41.55,470.0,16.2,48.5,5.47,39.0,0.001,0.00373,0.140295,0.002545,0.025805,8e-05,6e-05
2018-04-01,8.23,4.2,312.0,10.9,29.9,7.31,8.47,0.001,0.00046,0.03234,0.00177,0.01765,7e-05,6e-05
2018-04-08,8.42,3.12,389.0,11.5,25.8,7.01,4.4,0.001,0.0002,0.02388,0.00296,0.01355,6e-05,6e-05
2018-04-15,8.29,2.5,418.0,12.8,22.625,7.0,5.0,0.001,0.00031,0.0278899999999999,0.00318,0.009465,0.00013,6e-05
2018-04-22,8.44,2.5,504.0,13.6,15.46,6.82,2.38,0.001,0.0002,0.01656,0.00416,0.01224,5e-05,6e-05
2018-04-29,,,,,,,,,,,,,,
2018-05-06,8.31,2.5,619.0,9.2,17.0,6.74,3.44,0.001,0.00016,0.02178,0.00411,0.00543,5e-05,6e-05
2018-05-13,8.32,2.5,737.0,12.1,20.4,6.72,2.84,0.001,0.00017,0.0144199999999999,0.005075,0.03774,5e-05,7.500000000000001e-05
2018-05-20,8.28,2.5,747.0,6.7,18.8,6.89,2.74,0.001,0.00016,0.01388,0.00552,0.00691,5e-05,6e-05
2018-05-27,8.3,2.66,1020.0,8.9,18.4,7.11,2.79,0.001,0.00015,0.01256,0.00627,0.02408,5e-05,6e-05
2018-06-03,8.33,3.22,1298.0,7.5,30.9,7.5,3.89,0.001,0.00017,0.0158,0.0067,0.00363,5e-05,6e-05
2018-06-10,8.49,2.5,1245.0,7.9,15.55,8.0,1.22,0.001,0.00014,0.0111349999999999,0.007035,0.00719,5e-05,7.000000000000001e-05
2018-06-17,8.38,2.58,1223.0,7.8,22.9,7.7,2.69,0.001,0.00046,0.01466,0.00663,0.01053,6e-05,6e-05
2018-06-24,8.23,3.22,1359.0,6.1,21.6,7.51,4.5,0.001,0.00029,0.01708,0.00776,4e-05,5e-05,6e-05
2018-07-01,8.28,3.54,1627.0,7.3,17.7,7.42,3.19,0.001,0.00037,0.01459,0.00898,0.01199,5e-05,6e-05
2018-07-08,8.36,2.5,1653.0,6.9,12.13,7.54,1.91,0.001,0.00013,0.011705,0.009205,0.00324,5e-05,6e-05
2018-07-15,8.28,2.5,1861.0,6.7,23.22,7.65,1.97,0.001,0.00022,0.01618,0.00981,0.00463,5e-05,6e-05
2018-07-22,8.47,3.54,1857.0,7.5,24.1,8.54,4.29,0.001,0.0004,0.01373,0.009575,0.00515,5e-05,7.000000000000001e-05
2018-07-29,,,,,,,,,,,,,,
2018-08-05,8.36,4.32,1734.0,8.1,15.2,7.39,2.98,0.001,0.0002,0.01344,0.00894,0.0111,5e-05,
2018-08-12,8.26,11.9,1869.0,7.7,24.0,7.58,11.3,0.001,0.00023,0.05278,0.00099,0.00554,0.0001,0.0001
2018-08-19,8.58,3.16,1688.0,9.8,17.2,8.29,4.14,0.001,0.014085,0.020435,0.00901,0.0141699999999999,0.00033,6e-05
2018-08-26,8.18,2.9,1793.0,13.6,8.83,6.22,1.98,0.001,0.0002,0.01262,0.00908,0.01648,5e-05,6e-05
2018-09-02,8.48,3.82,2300.0,9.6,11.91,7.91,2.91,0.001,0.00025,0.01356,0.01036,0.00701,5e-05,
2018-09-09,8.27,2.5,2380.0,12.7,4.5,6.75,2.05,0.001,0.000155,0.00663,0.0107699999999999,0.02083,5e-05,6e-05
2018-09-16,8.53,3.34,2490.0,14.2,14.52,7.06,2.08,0.001,0.00024,0.01148,0.01092,0.02408,5e-05,6e-05
2018-09-23,8.27,2.84,2700.0,12.3,5.1,6.49,2.28,0.001,0.00021,0.01208,0.01141,0.00492,5e-05,6e-05
2018-09-30,,,,,,,,,,,,,,
2018-10-07,8.58,2.5,3050.0,14.1,10.15,8.47,0.7,0.001,0.00013,0.00925,0.011825,0.004785,5e-05,9.5e-05
2018-10-14,8.22,2.58,3100.0,12.3,13.12,6.78,2.24,0.001,0.00022,0.01265,0.01021,0.02194,5e-05,6e-05
2018-10-21,8.48,2.5,2130.0,12.2,23.1,7.59,4.42,0.001,0.00026,0.01994,0.00613,0.06903,0.0001,6e-05
2018-10-28,,,,,,,,,,,,,,
2018-11-04,,,,,,,,,,,,,,
2018-11-11,8.7,2.0,1846.0,18.5,17.4,7.43,2.65,0.001,0.0002,0.0164,0.01201,0.02,0.00033,0.0001
2018-11-18,8.46,3.0,1969.0,14.5,26.5,6.85,2.12,0.001,0.0002,0.0141,0.01251,0.02,3e-05,0.0001
2018-11-25,8.4,4.0,2110.0,14.8,18.9,7.08,2.33,0.001,0.0002,0.0158,0.01488,0.02,0.00045,0.0001
2018-12-02,8.36,2.5,2440.0,12.6,18.58,6.89,2.29,0.001,0.0002,0.01395,0.0142,0.01,0.00043,0.0001
2018-12-09,8.24,3.0,2790.0,12.9,20.41,6.95,1.12,0.001,0.0002,0.0104,0.01562,0.01,3e-05,0.0001
2018-12-16,8.47,2.0,2870.0,17.2,15.16,6.91,1.41,0.001,0.0002,0.0124,0.01493,0.01,3e-05,0.0001
2018-12-23,8.64,3.5,2560.0,17.6,13.44,7.29,2.61,0.001,0.0002,0.01635,0.011685,0.02,0.000425,0.0001
2018-12-30,,,,,,,,,,,,,,
2019-01-06,8.47,3.0,1545.0,15.7,19.21,6.9,5.9,0.001,0.0002,0.0177,0.0067,0.03,0.0007,0.0001
2019-01-13,8.7,5.0,1130.0,17.9,21.33,7.3,7.7,0.001,0.0002,0.0253499999999999,0.005075,0.01,0.00055,0.0001
2019-01-20,8.45,4.0,1037.0,13.6,22.1,6.93,14.3,0.001,0.0002,0.0333,0.0049,0.02,0.00112,0.001
2019-01-27,8.2,6.0,836.0,13.0,25.96,6.73,11.9,0.001,0.0002,0.0292,0.00333,0.01,0.00098,0.0001
2019-02-03,8.47,34.0,296.0,11.5,132.0,6.95,76.1,0.001,0.0002,0.0689,0.00166,0.02,0.00037,0.0001
2019-02-10,8.84,25.0,307.0,12.1,106.4,6.97,87.0,0.001,0.00275,0.16155,0.00214,0.03,0.000405,0.0001
2019-02-17,8.4,278.0,269.0,16.2,897.0,6.17,220.0,0.001,0.01055,0.51825,0.00425,0.06,0.00083,0.0001
2019-02-24,8.54,21.0,392.0,12.9,244.3,6.68,62.5,0.001,0.0011,0.0849449999999999,0.00135,0.0257,2e-05,6.500000000000001e-05
2019-03-03,8.39,12.0,675.0,12.2,93.92,7.36,22.5,0.001,0.0008,0.04337,0.00138,0.0244,1e-05,3e-05
2019-03-10,8.21,18.0,743.0,13.2,46.8,6.71,24.5,0.001,0.0009,0.052035,0.00133,0.0197,1e-05,3e-05
2019-03-17,8.59,9.0,980.0,14.25,61.1,7.34,16.4,0.001,0.00075,0.03969,0.00131,0.0127,1e-05,3e-05
2019-03-24,8.4,8.0,1190.0,12.1,93.6,7.37,13.1,0.001,0.0005,0.04133,0.00119,0.0271,1e-05,3e-05
2019-03-31,8.27,9.5,833.0,13.8,213.3,6.87,18.6,0.001,0.0005,0.041105,0.001055,0.01335,1e-05,3e-05
2019-04-07,,,,,,,,,,,,,,
2019-04-14,8.31,2.0,1095.0,13.4,37.5,7.03,4.91,0.001,0.0002,0.02141,0.00157,0.0124,1e-05,3e-05
2019-04-21,8.33,4.0,1033.0,14.1,150.3,6.84,5.19,0.001,0.0002,0.022,0.00331,0.02,0.00109,0.0001
2019-04-28,,,,,,,,,,,,,,
2019-05-05,8.29,2.0,1702.0,12.2,38.16,6.84,1.46,0.001,0.0002,0.0198,0.00247,0.01,0.00397,0.0001
2019-05-12,8.21,2.0,1523.0,12.3,17.6,6.56,2.49,0.001,0.0002,0.0153,0.0036,0.02,0.00349,0.0001
2019-05-19,8.28,4.0,1430.0,11.5,11.2,7.13,2.89,0.001,0.0002,0.02175,0.003665,0.02,0.002075,0.0001
2019-05-26,8.28,2.0,1532.0,9.5,39.95,6.97,2.48,0.001,0.0002,0.0197,0.00407,0.03,0.00228,0.0001
2019-06-02,,,,,,,,,,,,,,
2019-06-09,8.35,8.5,2890.0,12.8,13.96,7.47,6.71,0.001,0.0002,0.0272999999999999,0.004885,0.025,0.00528,0.0001
2019-06-16,8.25,2.0,2830.0,9.5,19.67,6.97,1.48,0.001,0.0002,0.01355,0.00534,0.02,0.0033,0.0001
2019-06-23,,,,,,,,,,,,,,
2019-06-30,,,,,,,,,,,,,,
2019-07-07,8.29,6.0,2790.0,9.0,18.9,7.6,5.39,0.001,0.0002,0.0198,0.01059,0.01,0.00144,0.0001
2019-07-14,8.18,2.0,2750.0,8.1,13.4,7.54,2.83,0.001,,,,,,
2019-07-21,8.47,3.0,2790.0,9.8,17.6,8.13,3.52,0.001,0.0002,0.0146,0.01245,0.02,0.00067,0.0001
2019-07-28,8.350000000000001,10.0,2700.0,7.75,18.9,7.73,6.54,0.001,0.0002,0.0139,0.01144,0.02,0.0004,0.0001
2019-08-04,,,,,,,,,,,,,,
2019-08-11,8.26,10.5,2790.0,8.5,18.6,7.43,16.2,0.001,0.0002,0.026,0.010555,0.015,0.00018,0.0001
2019-08-18,8.5,9.0,2950.0,10.7,9.23,8.43,9.89,0.001,0.0002,0.025,0.0125,0.01,3e-05,0.0001
2019-08-25,8.36,11.0,3110.0,5.6,13.95,7.56,9.99,0.001,0.0002,0.0224499999999999,0.0126749999999999,0.02,3e-05,0.0001
2019-09-01,8.48,8.0,3310.0,9.8,8.719999999999999,8.25,5.65,0.001,0.0002,0.0123,0.014,0.01,3e-05,0.0001
2019-09-08,8.28,3.0,3380.0,9.2,9.88,7.08,2.63,,0.0002,0.0167,0.01425,0.01,3e-05,0.0001
2019-09-15,8.58,9.0,3580.0,14.8,19.21,7.8,8.12,,0.0002,0.0234,0.0159,0.01,3e-05,0.0001
2019-09-22,8.32,12.0,3500.0,14.2,12.01,6.6,10.6,,0.0002,0.0309,0.01324,0.02,3e-05,0.0001
2019-09-29,,,,,,,,,,,,,,
2019-10-06,8.31,6.0,2210.0,11.7,1.2,6.99,5.5,0.001,0.0002,0.0292499999999999,0.010495,0.015,0.00011,0.0001
2019-10-13,8.55,15.0,3580.0,11.4,8.94,7.97,16.3,,0.0002,0.0356,0.01534,0.02,3e-05,0.0001
2019-10-20,,,,,,,,,0.0002,0.0282,0.01799,0.02,0.00023,0.0001
2019-10-27,8.57,28.0,2850.0,14.5,25.71,7.7,20.1,,0.0002,0.0333,0.01443,0.02,0.00037,0.0001
2019-11-03,8.53,8.0,3120.0,14.7,20.36,7.59,11.2,0.001,0.0002,0.0321,0.01929,0.02,3e-05,0.0001
2019-11-10,8.22,24.0,3400.0,14.7,26.46,6.7,17.5,,0.0002,0.04415,0.017395,0.02,3e-05,0.0001
2019-11-17,8.28,,979.325,13.8,29.6,6.65,24.1,,0.0002,0.0511,0.00964,0.02,0.00031,0.0001
2019-11-24,8.35,46.5,1770.0,15.1,28.6,6.67,33.2,,0.0002,0.06215,0.01353,0.025,3e-05,0.0001
2019-12-01,8.55,10.0,2350.0,14.4,24.02,7.32,6.86,0.001,0.0002,0.0322,0.009,0.01,3e-05,0.0001
2019-12-08,8.34,60.5,1290.0,14.1,32.1,7.48,59.2,,0.0018499999999999,0.08565,0.00748,0.02,0.00039,0.0001
2019-12-15,8.36,,645.1,14.7,30.28,6.2,15.0,,0.0002,0.0328,0.00789,0.02,0.00016,0.0001
2019-12-22,8.57,35.0,980.0,14.5,31.3,6.91,29.6,,0.0002,0.0564,0.00533,0.02,0.0003,0.0001
2019-12-29,,,,,,,,,,,,,,
2020-01-05,8.32,,621.0,12.1,80.1,6.66,55.2,,,,,,,
2020-01-12,8.53,,517.0,12.5,32.5,7.53,16.4,,,,,,,
2020-01-19,,,,,,,,,,,,,,
2020-01-26,8.29,,419.0,11.9,43.5,6.72,117.0,,,,,,,
2020-02-02,8.03,,500.0,13.5,27.6,6.1,6.93,,,,,,,
2020-02-09,7.86,,256.0,11.0,220.3,6.72,89.7,,,,,,,
2020-02-16,8.22,,223.0,12.3,362.4,6.86,,,,,,,,
2020-02-23,8.24,,283.0,12.1,65.53,6.64,,,,,,,,
2020-03-01,8.32,,201.0,12.5,305.7,6.74,,,,,,,,
2020-03-08,8.17,,244.0,12.1,39.4,6.65,,,,,,,,
2020-03-15,8.33,,268.0,12.5,198.4,6.82,,,,,,,,
2020-03-22,,,,,,,,,,,,,,
2020-03-29,,,,,,,,,,,,,,
2020-04-05,,,,,,,,,,,,,,
2020-04-12,,,,,,,,,,,,,,
2020-04-19,,,,,,,,,,,,,,
2020-04-26,,,,,,,,,,,,,,
2020-05-03,,,,,,,,,,,,,,
2020-05-10,,,,,,,,,,,,,,
2020-05-17,,,,,,,,,,,,,,
2020-05-24,,,,,,,,,,,,,,
2020-05-31,,,,,,,,,,,,,,
2020-06-07,,,,,,,,,,,,,,
2020-06-14,,,,,,,,,,,,,,
2020-06-21,,,,,,,,,,,,,,
2020-06-28,,,,,,,,,,,,,,
2020-07-05,,,,,,,,,,,,,,
2020-07-12,,,,,,,,,,,,,,
2020-07-19,,,,,,,,,,,,,,
2020-07-26,,,,,,,,,,,,,,
2020-08-02,8.39,,1663.0,8.1,21.2,8.29,,,,,,,,
2020-08-09,8.16,,1384.0,7.2,9.85,7.45,,,,,,,,
2020-08-16,,,,,,,,,,,,,,
2020-08-23,8.03,,1137.0,8.5,3.2,6.81,,,,,,,,
2020-08-30,,,,,,,,,,,,,,
2020-09-06,8.27,,957.0,8.4,2.16,7.55,,,,,,,,
2020-09-13,8.37,,1093.0,10.5,2.89,7.8,,,,,,,,
2020-09-20,8.56,,1106.5,13.55,4.225,8.350000000000001,,,,,,,,
2020-09-27,,,,,,,,,,,,,,
2020-10-04,8.72,,1880.0,16.2,3.68,8.39,,,,,,,,
2020-10-11,8.34,,1844.0,17.8,6.21,6.94,,,,,,,,
2020-10-18,8.71,,2070.0,11.8,6.95,7.75,,,,,,,,
2020-10-25,8.78,,1696.0,20.5,10.3,7.5,,,,,,,,
2020-11-01,9.17,,1396.0,20.2,9.12,7.45,,,,,,,,
2020-11-08,9.19,,1558.0,19.1,8.4,7.35,2.68,,,,,,,
2020-11-15,9.13,,1510.0,12.0,8.21,7.87,,,,,,,,
2020-11-22,,,,,,,,,,,,,,
2020-11-29,,,,,,,,,,,,,,
2020-12-06,,,,,,,,,,,,,,
2020-12-13,,,,,,,,,,,,,,
2020-12-20,9.15,,1205.0,18.0,7.2,6.9,,,,,,,,
2020-12-27,,,,,,,,,,,,,,
2021-01-03,7.98,,485.0,11.5,53.1,7.0,89.4,,0.0030499999999999,0.15955,0.0024,0.027,0.0001,5e-05
2021-01-10,8.42,,425.0,12.3,62.4,6.74,107.35,,0.0029,0.1153,0.00245,0.012,0.0001,5e-05
2021-01-17,8.27,,402.0,12.1,152.5,6.98,182.0,,,,,,,
2021-01-24,8.16,,234.0,9.8,437.0,7.32,241.0,,,,,,,
2021-01-31,,,,,,,,,,,,,,
2021-02-07,8.4,,322.0,11.5,281.4,6.79,270.15,,0.0031,0.1874,0.0019,0.017,0.0001,5e-05
2021-02-14,8.365,15.0,286.5,12.4,46.67,6.609999999999999,18.2,,0.0011,0.0722,0.0015,0.017,0.0001,5e-05
2021-02-21,7.73,,330.0,14.3,21.6,6.64,6.04,,,,,,,
2021-02-28,8.535,3.0,352.0,15.45,16.475,6.33,3.035,,0.0002,0.0256,0.0017,0.008,0.0001,5e-05
2021-03-07,8.59,,364.0,13.95,27.55,6.404999999999999,2.84,,0.0002,0.0224,0.0012,0.008,0.0001,5e-05
2021-03-14,8.379999999999999,3.0,441.0,12.2,17.799999999999997,6.79,3.49,,0.0005,0.0219,0.0015,0.008,0.0001,5e-05
2021-03-21,8.41,,344.0,11.0,65.09,6.81,81.4,,,,,,,
2021-03-28,8.32,78.0,301.0,11.0,25.41,6.86,73.0,,0.0029,0.1781,0.002,0.017,0.0001,5e-05
2021-04-04,8.59,,240.0,11.65,126.25,6.965,143.0,,0.0018,0.0988,0.0012,0.011,0.0001,5e-05
2021-04-11,8.309999999999999,10.0,272.5,11.45,309.5,6.904999999999999,29.02,,0.0002,0.0323,0.001,0.008,0.0001,5e-05
2021-04-18,8.65,,263.0,11.2,50.46,7.69,39.7,,,,,,,
2021-04-25,8.735,3.0,315.5,13.7,21.22,7.5,7.69,,0.0004,0.0286,0.0017,0.008,0.0001,5e-05
2021-05-02,8.43,,385.0,10.8,14.32,7.06,3.98,,0.0005,0.0264,0.0012,0.008,0.0001,5e-05
2021-05-09,8.275,3.0,396.0,12.6,15.83,6.595000000000001,3.19,,0.0003,0.0241,0.0014,0.008,0.0001,5e-05
2021-05-16,8.2,,376.0,9.9,9.6,6.87,8.05,,,,,,,
2021-05-23,8.05,3.0,668.0,8.5,18.3,6.87,2.21,,0.0004,0.0156,0.0029,0.008,0.0001,5e-05
2021-05-30,8.17,,923.0,8.7,17.5,6.51,2.45,,,,,,,
2021-06-06,8.43,,924.5,12.5,20.6,6.82,2.95,,0.0002,0.0122,0.0054,0.008,0.0001,5e-05
2021-06-13,8.28,3.0,1239.0,11.2,24.5,6.76,1.72,,0.0004,0.0116,0.0075,0.008,0.0001,5e-05
2021-06-20,8.18,3.0,1458.0,9.9,18.99,6.7,2.58,,0.0002,0.014,0.0081,0.008,0.0001,5e-05
2021-06-27,8.17,,1576.0,8.2,21.2,6.86,3.71,,,,,,,
2021-07-04,8.21,,1636.0,8.7,19.18,6.41,2.25,,0.0002,0.0142,0.0095,0.008,0.0001,5e-05
2021-07-11,8.129999999999999,3.0,1795.0,7.75,18.75,6.65,2.265,,0.0002,0.0102,0.009,0.008,0.0001,5e-05
2021-07-18,8.19,,1864.0,8.0,18.21,6.4,1.47,,,,,,,
2021-07-25,8.15,3.0,2029.5,9.15,19.45,6.67,1.775,,0.0002,0.0087,0.0102,0.008,0.0001,5e-05
2021-08-01,8.31,,2230.0,10.4,18.69,6.64,2.62,,0.0002,0.0092,0.011,0.017,0.0001,5e-05
2021-08-08,8.14,3.0,2150.0,8.25,19.59,6.865,2.295,,0.0004,0.0119,0.0099,0.008,0.0001,5e-05
2021-08-15,8.29,,2140.0,12.1,20.32,6.96,1.29,,,,,,,
2021-08-22,8.14,3.0,2230.0,9.7,18.64,6.93,1.45,,0.0002,0.011,0.0095,0.008,0.0001,5e-05
2021-08-29,8.365,,2290.0,12.2,22.9,6.945,1.12,,,,,,,
2021-09-05,8.33,,2380.0,12.0,20.59,7.39,1.14,,,,,,,
2021-09-12,8.55,,1985.0,13.7,49.28,7.04,2.2,,,,,,,
2021-09-19,8.55,3.0,2530.0,16.7,52.1,6.42,4.2,,0.0004,0.0216,0.0128,0.008,0.0001,5e-05
2021-09-26,8.73,,2260.0,18.5,24.32,6.26,1.58,,,,,,,
2021-10-03,8.47,6.0,2100.0,12.3,23.75,6.73,2.675,,0.0003,0.0162,0.0104999999999999,0.008,0.0001,5e-05
2021-10-10,,,,,,,,,,,,,,
2021-10-17,8.89,3.0,1730.0,19.8,20.88,6.86,2.72,,0.0002,0.0161,0.0113,0.028,0.0001,5e-05
2021-10-24,8.7,,1885.0,16.1,21.58,7.38,2.68,,,,,,,
2021-10-31,8.625,3.0,2460.0,15.1,22.47,6.705,3.0,,0.0002,0.0152,0.012,0.008,0.0001,5e-05
2021-11-07,8.58,,2590.0,14.1,18.4,6.79,3.655,,0.0004,0.019,0.0125,0.025,0.0001,5e-05
2021-11-14,8.47,3.0,2520.0,14.6,18.9,6.6,2.4,,0.0002,0.0152,0.0122,0.008,0.0001,5e-05
2021-11-21,8.59,,2760.0,15.2,18.97,6.3,7.8,,,,,,,
2021-11-28,8.98,6.0,2670.0,18.8,20.34,6.97,4.29,,0.0003,0.0192,0.0137,0.008,0.0001,5e-05
2021-12-05,9.13,,1253.0,19.3,23.4,7.87,,,0.0006,0.0234,0.006,0.008,0.0001,5e-05
2021-12-12,,,,,,,,,,,,,,
2021-12-19,,,,,,,,,,,,,,
2021-12-26,8.48,3.0,726.0,11.5,18.26,6.68,3.47,,0.0002,0.0165,0.003,0.008,0.0001,5e-05
2022-01-02,8.84,,398.0,14.0,19.6,7.56,,,0.0012,0.0548,0.0022,0.008,0.0001,5e-05
2022-01-09,,,,,,,,,,,,,,
2022-01-16,,,,,,,,,,,,,,
2022-01-23,,,,,,,,,,,,,,
2022-01-30,8.31,17.0,181.1,11.3,622.1,6.97,21.4,,0.0011,0.0608,0.0011,0.025,0.0001,5e-05
2022-02-06,8.86,,186.0,11.8,217.8,7.09,,,0.0016,0.0752,0.0014,0.008,0.0001,5e-05
2022-02-13,,,,,,,,,,,,,,
2022-02-20,,,,,,,,,,,,,,
2022-02-27,8.41,121.0,219.0,10.1,588.5,7.32,169.0,,0.006,0.3559,0.0031,0.035,0.0001,5e-05
2022-03-06,8.93,,230.0,13.7,366.0,7.27,,,0.001,0.0772,0.0015,0.013,0.0001,5e-05
2022-03-13,,,,,,,,,,,,,,
2022-03-20,8.71,4.0,268.0,15.9,,6.63,11.4,,0.0008,0.0406,0.0013,0.01,0.0001,5e-05
2022-03-27,,,,,,,,,,,,,,
2022-04-03,,,,,,,,,,,,,,
2022-04-10,8.67,,430.0,14.2,17.77,6.86,,,0.0002,0.0239,0.0012,0.008,0.0001,5e-05
2022-04-17,8.32,3.0,435.0,21.2,19.04,6.2,3.63,,0.0002,0.0236,0.0015,0.015,0.0001,5e-05
2022-04-24,,,,,,,,,,,,,,
2022-05-01,,,,,,,,,,,,,,
2022-05-08,8.06,,428.0,19.1,21.55,5.8,,,0.0003,0.0194,0.002,0.016,0.0001,5e-05
2022-05-15,8.24,3.0,623.0,10.2,13.89,6.73,1.39,,0.0002,0.0131,0.003,0.015,0.0001,5e-05
2022-05-22,,,,,,,,,,,,,,
2022-05-29,,,,,,,,,,,,,,
2022-06-05,8.15,,922.0,11.1,11.43,6.74,,,0.0007,0.0296,0.0026,0.008,0.0001,5e-05
2022-06-12,8.03,5.0,1934.0,7.0,6.225,6.97,4.31,,0.0002,0.0159,0.0036,0.008,0.0001,5e-05
2022-06-19,,,,,,,,,,,,,,
2022-06-26,,,,,,,,,,,,,,
2022-07-03,8.15,,1645.0,10.5,18.68,6.94,,,0.0002,0.0071,0.0075,0.008,0.0001,5e-05
2022-07-10,,,,,,,,,,,,,,
2022-07-17,,,,,,,,,,,,,,
2022-07-24,8.15,3.0,1884.0,13.3,21.8,6.12,0.65,,0.0004,0.0092,0.0043,0.018,0.0001,5e-05
2022-07-31,,,,,,,,,,,,,,
2022-08-07,8.11,,1981.0,10.5,23.76,6.87,,,0.0002,0.0099,0.0044,0.02,0.0001,5e-05
2022-08-14,,,,,,,,,,,,,,
2022-08-21,7.95,3.0,2380.0,12.4,29.2,5.99,0.9,,0.0002,0.0114,0.0035,0.019,0.0001,5e-05
2022-08-28,,,,,,,,,,,,,,
2022-09-04,8.21,,2440.0,14.0,24.75,6.25,,,0.0002,0.0109,0.0035,0.008,0.0001,5e-05
2022-09-11,,,,,,,,,,,,,,
2022-09-18,8.39,3.0,2710.0,16.9,29.2,6.52,1.5,,0.0002,0.0122,0.0069,0.021,0.0001,5e-05
2022-09-25,,,,,,,,,,,,,,
2022-10-02,,,,,,,,,,,,,,
2022-10-09,8.32,,2810.0,20.1,20.88,5.49,,,0.0004,0.0107,0.0076,0.044,0.0001,5e-05
2022-10-16,,,,,,,,,,,,,,
2022-10-23,,,,,,,,,,,,,,
2022-10-30,,,,,,,,,,,,,,
2022-11-06,8.55,,2820.0,14.4,17.7,6.48,,,0.0002,0.0126,0.0064,0.016,0.0001,5e-05
2022-11-13,,,,,,,,,,,,,,
2022-11-20,,,,,,,,,,,,,,
2022-11-27,,,,,,,,,,,,,,
2022-12-04,8.66,,2000.0,15.6,18.24,5.89,,,0.0002,0.0108,0.0052,0.032,0.00019,5e-05
2022-12-11,,,,,,,,,,,,,,
2022-12-18,7.68,40.0,1045.0,18.0,42.7,6.3,50.0,,0.0021,0.1154,0.0029,0.023,0.0001,5e-05
2022-12-25,,,,,,,,,,,,,,
2023-01-01,,,,,,,,,,,,,,
2023-01-08,8.16,,1262.0,14.6,33.94,6.39,,,0.0002,0.0211,0.0026,0.008,0.0001,5e-05
